"","screen_name","text","place_full_name","country","lng","lat"
"2","sweetcoliecole","@_AlexisNacole fr and I got to that nail shop they high but damn $500 the most I‚Äôve spent on stuff like that is almost 100 and something and I was sick off jst that little bit üòÇüòÇüòÇ","Fort Worth, TX","United States",-97.2859135,32.7799665
"18","NV_physician","See our latest #Winnemucca, NV #job and click to apply: Emergency Medicine - Physician - ED - https://t.co/kuVnQbUCUG #EmergencyMedicine #Hiring #CareerArc","Winnemucca, NV","United States",-117.75455115,40.950586
"41","_baileyeliz","how can people do this to other defenseless people. i‚Äôm sick to my stomach. i hope they both get exactly what they deserve....here‚Äôs a thought: if you hate elderly people, people w disabilities or don‚Äôt have the patience for it- DONT FUCKING WORK IN A NURSING HOME!!! https://t.co/aEolvJGEyZ","Woodridge, IL","United States",-88.044261,41.73514575
"57","teamsatyrboom","@Jaimelyn60 @nintendolife You have no idea. Poor training, overt focus on metrics, and unhealthy work hours, granted this all sounds like retail in general.","Alpharetta, GA","United States",-84.28019445,34.073344
"83","cortybeans","@javii_bruhh You‚Äôre so conceited Javi it makes me sicküòí","California, USA","United States",-119.3066075,37.2691755
"100","MaryEllen2204","@thegracereports So will I! There is no need for him there. So sick of him and Michelle. They say she will be doing videos on food and weight üôÑ","North Carolina, USA","United States",-79.86103375,35.1704985
"172","revengeseason_","the papertrail, watchdogs tour ends tonight but we still got some super sick stuff lined up! https://t.co/8pHy73u1yj","Hagerstown, MD","United States",-77.7289885,39.6344608
"181","tmj_wa_erdoc","We're #hiring! Click to apply: Family Medicine / Emergency Medicine - https://t.co/kNSfgjVI4Z #EmergencyMedicine #Colville, WA #Job #Jobs #CareerArc","Colville, WA","United States",-117.89170635,48.5430915
"183","tmj_ca_erdoc","This #job might be a great fit for you: Emergency Medicine - Physician - ED - https://t.co/9187g2Rmv7 #EmergencyMedicine #FallRiverMills, CA #Hiring #CareerArc","California, USA","United States",-119.3066075,37.2691755
"196","_16_liv","I‚Äôm reading directions to the medicine my boyfriend been taking, it said ‚Äútake no more than one every 24 hours‚Äù. Tell me why he turn to me and say ‚ÄúI just took 3‚Äù IM CRYINGHFGDJDXZHDJK","Texas, USA","United States",-100.0768885,31.1688935
"202","MelotovRecords","@mr_mocaine @JawbreakerBand This is sick!!","Santa Clarita, CA","United States",-118.5032588,34.41563105
"210","tmj_nm_erdoc","Want to work at Envision? We're #hiring in #Lovington, NM! Click for details: https://t.co/NoBrhjXwrZ #EmergencyMedicine #Job #Jobs #CareerArc","Lovington, NM","United States",-103.35194905,32.948135
"220","tmj_ca_hsptlst","We're #hiring! Click to apply: Hospital Medicine - Hospitalist - Physician - https://t.co/7gB8PnG5zL #Hospitalist #PalmSprings, CA #Job #Jobs #CareerArc","Palm Springs, CA","United States",-116.5172894,33.8250795
"228","WY_physician","Want to work at MedHealth Recruiting? We're #hiring in WY! Click for details: https://t.co/hWyzSoQ0Pz #Physician #Job #Jobs #CareerArc","Wyoming, USA","United States",-107.554562,43.000325
"235","franciscohusse2","Starving and torturing the world sick faggot and hoes asquerose on consume","Bronx, NY","United States",-73.8494415,40.8503475
"243","wheeler244","@ScottSKOMO Sounds like a plan, you‚Äôre hinting at everyone calling in sick.. nice way to code it Scott. üôå üôå","Washington, USA","United States",-120.882482,47.27302215
"265","_Chynnnna","every single time I drink at tavern I‚Äôm sick the next morning","Troy, AL","United States",-85.97446715,31.806558
"271","WA_physician","See our latest #Wenatchee, WA #job and click to apply: Physician - Primary Care (Internal Medicine / Family Practice) - https://t.co/x15PAOcYE7 #Physician #Veterans #Hiring #CareerArc","Wenatchee, WA","United States",-120.3274085,47.4308559
"274","brellamorgs","so sick of hearing about relationship issues that could easily be solved by communication. talk to your partner instead of running at the first sign of trouble. love is a choice you make every day. you have to WORK if you want to last. welcome to a fucking adult relationship.","Kentucky, USA","United States",-85.7682405,37.822244
"279","ChuckKersey1","@RealJamesWoods @ABC I will and i dont have to change mt schedule or find anonther program. Ive already boycotted Hollywood, NBC,CBS,ABC,FOX except Tucker,CNN&amp;many more. If you are sick of the bias &amp; lies to suggest we all do. Put them out of business! Glad to see oscars got lowest ratings ever!","Vermont, USA","United States",-72.4511725,43.8717565
"284","tmj_or_erdoc","See our latest #Dallas, OR #job and click to apply: Emergency Medicine - Medical Director - https://t.co/5twvQgShYx #EMLeaders #Hiring #CareerArc","Dallas, OR","United States",-123.31200385,44.9205385
"290","tmj_SFO_erdoc","Join the Staff Care team! See our latest #job opening here: https://t.co/2k1Og8U9L1 #EmergencyMedicine #Martinez, CA #Hiring #CareerArc","Martinez, CA","United States",-122.116119,37.9956265
"296","TheChrisChallis","@kathygriffin Haha, wow you are on me sick person. The delusions you have are truly special. Make sure you pose with her hubby while you‚Äôre there. He‚Äôs a huge fan of women as well I hear.","Itasca, IL","United States",-88.018343,41.9708907
"305","tmj_wa_famprac","Can you recommend anyone for this #job in #KettleFalls, WA? https://t.co/FwKUJoCKxK #FamilyPractice #Hiring #CareerArc","Washington, USA","United States",-120.882482,47.27302215
"308","franciscohusse2","If you are an adult in this situation sick to your gut on the eratic the infantcy how they feel?","Bronx, NY","United States",-73.8494415,40.8503475
"351","tmj_VAA_pharm","Join the Johns Hopkins Medicine team! See our latest #job opening here: https://t.co/SyBIvb3h9S #Pharmaceutical #Washington, DC #Hiring #CareerArc","Washington, DC","United States",-77.0143985,38.89860285
"377","tmj_dc_nursing","We're #hiring! Click to apply: RN Health Promotion Disease Prevention Program Manager - https://t.co/YT2rpEFLsR #Nursing #Washington, DC #Veterans #Job #Jobs #CareerArc","Washington, DC","United States",-77.0143985,38.89860285
"386","tmj_bal_pharm","We're #hiring! Click to apply: Clinical Pharmacy Specialist-Emergency Medicine - https://t.co/2SCadIORhw #Pharmaceutical #Baltimore, MD #Job #Jobs #CareerArc","Baltimore, MD","United States",-76.62048175,39.284713
"397","NH_physician","This #job might be a great fit for you: Emergency Medicine - Level 3 - Locum Tenens - https://t.co/XlD8CB168x #EmergencyMedicine #Haverhill, NH #Hiring #CareerArc","New Hampshire, USA","United States",-71.566171,44.00122985
"402","NJ_physician","We're #hiring! Click to apply: Emergency Medicine - Associate Chair of Operations - EM - https://t.co/5qIcPpgJOQ #EmergencyMedicine #TomsRiver, NJ #Job #Jobs #CareerArc","Toms River, NJ","United States",-74.1880345,40.00134
"404","brriburchett","On my death bed. Third time this year I‚Äôve been sick..(its March 9th)  idk what‚Äôs going on w me üò©","Lakewood, OH","United States",-81.8030515,41.48041765
"407","BaileyHuber6","If I ever had a life threatening disease, my ‚Äúmake a wish‚Äù wish would be to have all the old Disney and nick shows on Netflix.","Ohio, USA","United States",-82.66946745,40.3651595
"416","tmj_nc_erdoc","This #job might be a great fit for you: Emergency Medicine - Level 2 - Locum Tenens - https://t.co/Z5nnKKspgg #EmergencyMedicine #Williamston, NC #Hiring #CareerArc","Williamston, NC","United States",-77.071924,35.8497527
"417","ME_physician","Want to work in #Lincoln, ME? View our latest opening: https://t.co/aAdWv16eq5 #Hospitalist #Job #Jobs #Hiring #CareerArc","Maine, USA","United States",-68.984705,45.188407
"446","tmj_va_erdoc","Can you recommend anyone for this #job in VA? https://t.co/HRil75xa8v #EmergencyMedicine #Hiring #CareerArc","Virginia, USA","United States",-79.420865,38.0033755
"483","msalgerea","@WendyWilliams karma is a bitch. You sick your man cheating on you and your disease is fucking with you. Evil bitch","Milwaukee, WI","United States",-87.9672925,43.05672225
"486","tmj_atl_physici","We're #hiring! Read about our latest #job opening here: Emergency Medicine - https://t.co/cEyUc6PyEv #Physician #Hiram, GA #CareerArc","Hiram, GA","United States",-84.76339985,33.88686285
"488","tmj_ga_hsptlst","We're #hiring! Read about our latest #job opening here: Hospital Medicine - Medical Director - Hospitalist - https://t.co/AepI33ZjTf #Hospitalist #Waycross, GA #CareerArc","Waycross, GA","United States",-82.3511705,31.2019235
"588","IrishLassie92","It‚Äôs unhealthy to be annoyed on Friday mornings.","Chicago, IL","United States",-87.732013,41.83358445
"596","TheVanessaBlake","Sick of stir fry, new freezer and God‚Äôs plan ..... üôÑ","Paso Robles, CA","United States",-120.67429,35.6310385
"626","mikeapedia101","@Carnegro I was referring to that. Lol she's so good it makes me sick lmao.","Everett, MA","United States",-71.052126,42.405331
"635","Rosie20831765","@TraffickReport2 @TraffickReport1 @PGHowie2 @Duffy_1958 @OurChildren11 @OpenThePrimary @Justice4Rod Just caught up on shows ...my heart is breaking for all the children who are raped and abused in this world.  Now more than ever we all must fight to put these sick PEDO'S down for good!!  Great show..this is a tough subject , but one that must not be swept under the rug","Spokane, WA","United States",-117.434547,47.667438
"652","sharamaine_","Woke up sick to my damn stomach smh","Bellaire, TX","United States",-95.4660343,29.7076839
"721","RNgriel","@RickSmithShow @TheDemCoalition @funder I think Trump will do whatever makes him feel the most power, most important, at that moment.His disease is only interested in getting The instant gratification that he craves, but can never fill, love which he is not able to feel, loyalty, which is never enough.His soul is dead","Massachusetts, USA","United States",-71.683502,42.03693905
"724","IceColdBrews","i think i‚Äôm getting more and more sick by the minute","Braintree, MA","United States",-71.00536005,42.203364
"726","BEAMERGlRL","god i‚Äôm so fucking sick of everything, i can‚Äôt wait to be at a show again.","North Lauderdale, FL","United States",-80.21991105,26.212769
"781","BlindScottBos","@Fluffy_mn_dave @benmaller @DannyGradio @Eddieonfox @JustinVance9314 @Walls_Robbie P I removed Justin he said he sick of hearing from you.","Boston, MA","United States",-71.0887125,42.3136695
"786","NameBrandSmith","@BiteSize_Bubz @Kelisxoxo üò© y‚Äôall are sick!","Sterling Heights, MI","United States",-83.030573,42.58130605
"795","lilrobsmommy417","I feel sick to my stomach.","Virginia, USA","United States",-79.420865,38.0033755
"811","_jaylaawaylaa","lmaooo me with oomf , soooo sick https://t.co/DFI0pI0nUi","Nashville, TN","United States",-86.791549,36.20000805
"819","marabetmorales","Is it useless to hope that class will be canceled? I feel like curling up on the ground from how miserable I feel. But I guess being sick now beats next weekend when I‚Äôm in Italy...","San Francisco, CA","United States",-122.4359785,37.7706565
"834","jrahiya","@TuckerCarlson @FoxNews One sick, sad group.","Georgia, USA","United States",-83.1738665,32.6782075
"841","the_1st_mimzee","@ACTwoThree That‚Äôs absolutely tragic. I would be sick as well.","Whitehall, OH","United States",-82.881943,39.968867
"919","tweets_byjoe","Liz is sick.
Eloise is sick. 
I‚Äôm sick.
We are all sick. https://t.co/W4w4d6diF7","Redlands, CA","United States",-117.17357095,34.0528734
"926","CJKornhaus","@OMGLove Oh that‚Äôs sick!","Pennsylvania, USA","United States",-77.604684,41.1179365
"950","tmj_me_erdoc","We're #hiring! Read about our latest #job opening here: Emergency Medicine - Level 2 - Locum Tenens - https://t.co/HkgAWJikSZ #EmergencyMedicine #Brewer, ME #CareerArc","Brewer, ME","United States",-68.742106,44.7914145
"982","allhailandri","Why are people slandering Bruno Mars??? I‚Äôm sick","Coral Gables, FL","United States",-80.271087,25.6994485
"990","Abi_Brown22","I‚Äôll be so happy when I‚Äôm not sick all the damn time. üôÉ","Joshua, TX","United States",-97.38601065,32.46336
"1016","charles_gaba","@Heritage If you want to *significantly* cut down on how much *patients* pay for healthcare (beyond nibbling around the edges via ‚Äúincreased efficiency‚Äô &amp; the like), there‚Äôs really only 3 ways to do it:
‚ÄîThrow the sick under the bus
‚ÄîReduce how much providers receive
‚ÄîIncrease tax funding","Bloomfield Township, MI","United States",-83.2658495,42.57507
"1034","marinevet1982","@kathygriffin Not only are you sick and not funny but I will admit that saying Hillary is president is some of your best material:) keep it up!! Soon you can do jokes from a sanitarium:))","Missouri, USA","United States",-92.4367735,38.3045585
"1099","lariti2","@TheStagmania It's a courtesy no one has EVER given Hillary Clinton. I'm pretty sick of it. They should be asking her about it. And more questions need to be asked, period.","Manhattan, NY","United States",-73.9685415,40.780709
"1129","tmj_atl_hsptlst","Can you recommend anyone for this #job? Hospital Medicine - Hospitalist - Physician - https://t.co/KIvlridvI1 #Hospitalist #Cartersville, GA #Hiring #CareerArc","Cartersville, GA","United States",-84.8104515,34.171761
"1135","TayyibAli","@LuceVern @ReAnimatorPhila @NFoles_9 That‚Äôs sick!","Los Angeles, CA","United States",-118.4119065,34.0207895
"1159","tmj_tpa_finance","Can you recommend anyone for this #job? Financial Clearance Specialist - https://t.co/IWYoydFaIf #Finance #StPetersburg, FL #Hiring #CareerArc","St Petersburg, FL","United States",-82.672903,27.79571925
"1194","drjanetta","@DarLovesAmerica Ironically so is our very own @POTUS ! He‚Äôs sick of what he‚Äôs had to face !","North Carolina, USA","United States",-79.86103375,35.1704985
"1215","vertigoxflowers","i try to avoid telling ppl my problems cause i'm sick of just hearing ""aw i'm sorry :("" shut the fucj up","Lake Ronkonkoma, NY","United States",-73.1152225,40.8305215
"1223","jonjakobjingle","@jdank_ So sick","Wisconsin, USA","United States",-89.5694915,44.900818
"1246","nicolearletter","Woke up sick ü§í","Queens, NY","United States",-73.8311875,40.67087955
"1247","charles_gaba","@Heritage ‚Ä¶which is why tax credits need to be beefed up to cover the bulk of the increase. Alternately, we could impose price controls on doctors, hospitals, drug cos, device makers etc. Take your pick. What ISN‚ÄôT an option anymore is ‚Äúkeeping costs down‚Äù by kicking the sick to the curb.","Bloomfield Township, MI","United States",-83.2658495,42.57507
"1293","jrahiya","@BreitbartNews Is she OK?  Sounds sick.","Georgia, USA","United States",-83.1738665,32.6782075
"1319","chanthedon","@MARSPARKER @livmeans I need itttt. I don‚Äôt have no kids. And I‚Äôm alone a lot. I‚Äôm starting to think it‚Äôs unhealthy and that I need a pet. üò≠","Philadelphia, PA","United States",-75.117998,40.0048655
"1389","RuthShare","@jhalsey52 Thank you for the note, brings back memories for me too! My mom and dad had season tickets to a music place around my house, my dad was sick and my mom literally dragged me to see Neil diamond...I instantly forgot about Tony Orlando and was hooked...It was July 1977‚Ä¶I was 12!","West Bloomfield Township, MI","United States",-83.381166,42.571954
"1455","Hannsmarie20","Boogie fuckin T!!! I‚Äôm speechless your show was fucking sick man.  The guitar, your vocals, and your filthy ass beats üò©üíö Love was in all corners last night I‚Äôm still in awe https://t.co/9m53G7pMsW","Pittsburg, KS","United States",-94.6962235,37.4057675
"1459","bones5692","@LJoyce11 yep this is a call in sick type of work day! https://t.co/LFOmpZoxpz","Taylorsville, UT","United States",-111.94739455,40.65693915
"1486","DonnaJ183","Doctors and medical bureaucrats claim 'scientific' medical research is remarkably valid and always progressing.... https://t.co/Y3UqXK9sTM","Arizona, USA","United States",-111.93171085,34.16825365
"1520","runATurner","I‚Äôm sick of winter... @ Hamilton, New York https://t.co/BOyDMF9Fu1","Hamilton, NY","United States",-75.5447585,42.8267985
"1523","llvargas26","No you don't have to share this photoshopped pic of a sick baby for it to be blessed.","Wharton, TX","United States",-96.093124,29.326595
"1537","Marley__Monroe","I got a Disease - Matchbox Twenty 
#TechieTunes https://t.co/T188JCdByJ","Carbondale, IL","United States",-89.2232095,37.71765405
"1546","BBXPAL","either I‚Äôm sick or I‚Äôm definitely sick","Los Angeles, CA","United States",-118.4119065,34.0207895
"1570","saucemansully","@jonthecubsfan @TheJamTVShow @FeliciaLawrence @Daniellerobay @BpopeTV You gotta take better care of yourself. There is no time for you to be sick.","Homewood, IL","United States",-87.66519285,41.5589405
"1576","DrOziOfficial","I have been really sick, and I dont know what is up. But I am still coming through to play tonight.","Grapevine, TX","United States",-97.079654,32.93183385
"1577","EdSayGo","@thistallawkgirl It‚Äôs very unhealthy that I walk around ready to fight one of these bags is garbage","Manhattan, NY","United States",-73.9685415,40.780709
"1585","jaazminee_d","This girl brings McDonald‚Äôs breakfast and soda in every morning and lunch to work and complains she‚Äôs always sick üôÑüôÑüôÑ","Mesa, AZ","United States",-111.7375657,33.4057545
"1616","AudreyPaxman_","I feel so sick lol. I don‚Äôt want to work tonight.","Boise, ID","United States",-116.238001,43.598033
"1626","campbell_longg","@jackbarna3 Dude but those off the rip sick ass mother truckin layups tho","Mount Pleasant, SC","United States",-79.837322,32.8479465
"1635","MysBianca","Dr. Eimerbrink packed so much truth into her remarks. ‚ÄúSick people have a really hard time keeping their jobs‚Äù. #EngageDallas2018 https://t.co/UMGMiGo9wC","Dallas, TX","United States",-96.7617535,32.8198585
"1636","xjulianicole","i hate that i got sick the day i leave to florida ü§í","Azle, TX","United States",-97.5425839,32.8875775
"1667","jahcobeh","This morning Becca woke up at 6:00am and even though she‚Äôs sick and out of work, she made me breakfast and lunch bc I didn‚Äôt eat lunch @ Work the last couple days and bc she loves me. I really do love this woman","Edinburg, TX","United States",-98.1524189,26.3475255
"1699","alina_potts","‚ÄúWe tend to put historical events in boxes... when it is more of a conflagration.‚Äù #War, #disease, #19thAmendment (only 98 years ago!) https://t.co/dy6qUJITez","Washington, DC","United States",-77.0143985,38.89860285
"1715","umm_jackie3","Dawg, @QueenNaijaaa SNAPPED on Medicine. I felt that.","Atlanta, GA","United States",-84.433106,33.7671944
"1716","XxFICT10NxX","@EdKrassen @Mopar426Power No games are responsible for sick people they should get help instead of killing people I can gamble  kill people have sex with people in a game doesn‚Äôt mean I‚Äôm going to go rape somebody or shoot up a school or commit suicide I have suicidal thoughts and depression games help me","Purcellville, VA","United States",-77.711047,39.1320348
"1739","emmawebsta","I wonder how many times I can listen to This Is Me in a row without getting sick of it. (Countless, probably.) https://t.co/YpWIFWOawE","Chicago, IL","United States",-87.732013,41.83358445
"1765","sipneverslip","I'm so sick of all of you. I haven't left my house in over two months, went sober three months ago, and now tbis bullshit happens and it's petty enough to be thrown on his twitter lmaooooo, give me a fucking break. BiPolar substance abusers stay away from me.","Illinois, USA","United States",-89.2665075,39.7393005
"1813","davino1959","@YoanaVega10 @jjvalleycreek #Vaccine induced lifetime of terror and sick.     #BigPhaema #FDA  #FAIL #Merck #Hospital #RN #Morons #Terrorism #CDC #Autism #LegalNAMEfraud #BirthCertificate #Slavery #register","Lake Worth, FL","United States",-80.08421185,26.61702865
"1829","BeamMeUpScotee","Lifetime limits on Healthcare mean if you get too sick we'll let you die. https://t.co/NCaEJ396up","Oregon, USA","United States",-120.5834015,44.14543645
"1838","teacake1213","@funder This is sick!!!!!!!","McDonough, GA","United States",-84.15114925,33.44242435
"1871","mads_29graham","Alison Krauss &amp; Union Station is exactly what everyone needs when they‚Äôre sick üíû","Pittsburgh, PA","United States",-79.98068965,40.4313888
"1895","leethoma1313","@PhilMcCrackin44 What a blast of hot gas from an assüòÇü§£ü§™go back to your hole troll!Before your racist,rapists,satanic and treasonous ass is put 6 ft under! Got Hillary pornü§ØüëøSick bitch!!! No wonder why your kid so ugly&amp; distorted as the day is long. Payback from my bud upstairsüòÇeternal burn! https://t.co/XQb80Opztw","Kingston, MA","United States",-70.7460865,41.9937215
"1933","VoelklRichard","@thebradfordfile Sick wake dumbocRats should never hold office again!","Covina, CA","United States",-117.8819695,34.087543
"1943","Taylor_Martinaa","I feel like I‚Äôm always sick üòûüò∑","Hagerstown, MD","United States",-77.7289885,39.6344608
"1963","itstykid","Sick of this weather","Tallahassee, FL","United States",-84.266174,30.4762155
"1980","DebordKatie","@rmcclead @DanLinna @wihender Or @rmcclead it sounds like we have just been to the Honduran jungle searching for a lost legal innovation and contracted a Neglected Tropical Disease.  Speaking of which, I highly recommend D Preston‚Äôs Lost City of the Monkey Gods.","Denver, CO","United States",-104.9220935,39.713563
"1995","spamalaspazzala","You know you‚Äôre sick when: you call the front desk of your work to call out and you start crying because you feel bad about calling out. Also, perhaps you‚Äôre under too much stress at at work. ü§î #DeepThoughts #Sick","Boulevard Park, WA","United States",-122.3115776,47.50634155
"2025","brittbemackin_","I feel like I'm getting sick ‚òπÔ∏è","North Carolina, USA","United States",-79.86103375,35.1704985
"2036","mikaylaxdavis","The boba place opened early for me. God being rich is sick.","Orlando, FL","United States",-81.36777265,28.50167835
"2039","rebeccakhalifa","Sick if everyone and their SHIT","Nutley, NJ","United States",-74.1572634,40.82178575
"2060","robnucatola","@ChrisW0417 Yep.  The power of Nature is sick!","Tallahassee, FL","United States",-84.266174,30.4762155
"2062","Dying_To_Vibe","Seriously fuck my life. Everyone has this ‚Äúyou‚Äôre a fuck up‚Äù mentality. I‚Äôm so sick and tired of being under appreciated and shit on. I‚Äôm done. I‚Äôm out. I hope I struggle till I‚Äôm dead.","North Las Vegas, NV","United States",-115.133373,36.2491245
"2071","DJPie","Tiger leads. My Motorola RAZR is blowing up and people are getting really sick of my custom ""Feel Good, Inc."" ringtone.","Illinois, USA","United States",-89.2665075,39.7393005
"2103","CallHimMiami","About to make a remix to medicine","Virginia, USA","United States",-79.420865,38.0033755
"2104","alywalton","Your love is my medicine","Broomfield, CO","United States",-105.0722312,39.9472495
"2111","shay_johanna","Still feeling sick and lazy! üò´","Whiteriver, AZ","United States",-109.97122,33.856037
"2114","JonDoe_Xo","I took a whole sick day to get shit ready for lil sis 21st üî•‚ú®üëåüèΩ @ChynaXO_","Waterford, CT","United States",-72.1442815,41.362914
"2116","_LoyalFirssst","i feel so sick , ion even drink henny üò≠","Houston, TX","United States",-95.4464865,29.8384948
"2138","Megan_McGraw7","Marcus just told me to ""get my ass to the gym"" then proceeded to call me ""Rollie Pollie Ollie"" I'm sick","Kent, OH","United States",-81.35043465,41.1602503
"2150","misscourtney28","@JennaFryer hey Jenna did you know that march is national kidney disease awareness month which it's important to me to bring to the forefront because I fight this everyday","Martinsville, VA","United States",-79.8563,36.6622065
"2162","cherry_LA","@ValerieComplex Sorry you were sick feel better soon","Manhattan Beach, CA","United States",-118.400884,33.8894865
"2193","Lynny222","@ConleyMiriam @mitchellvii @6549lmartin And the disease that will cause.  More people dying at the filthy hands of liberals.","North Bellport, NY","United States",-72.93801145,40.7880115
"2205","858tennis","@greta They are all sick Greta. Still miss you on Fox.","Skidaway Island, GA","United States",-81.0563195,31.929099
"2229","kouturekupcake","i‚Äôm sick of having to wear a bra to work everyday!!!! normalize women‚Äôs nipples these shits uncomfortable","Minneapolis, MN","United States",-93.2620465,44.9706105
"2258","_tyarashhellee","idk here's some food for thought, instead of being sick and twisted and being mad cause others are happy, how about you get off your ass and find YOUR happiness and maybe put a little positivity in the air so things start to lighten up for you ü§∑üèΩ‚Äç‚ôÄÔ∏è","Huber Heights, OH","United States",-84.092503,39.8642389
"2288","the_TimBoston","@krassenstein @ajdubinsky Trump suffers FALSE MEMORY a disease possibly, dementia related, called confabulation.  Not false news. The world is not false. His mind is perceiving things very very wrong. The worst wrong for a POTUS.","Boston, MA","United States",-71.0887125,42.3136695
"2289","HealthDouglasCo","#prediabetes increases risk for heart disease and stroke. But taking action will decrease your risk. Learn more at https://t.co/ooppMJkffj. https://t.co/DzEJwrTqKQ","Omaha, NE","United States",-96.053431,41.275721
"2312","CTyGrooves","Whatever I‚Äôm feeling please let this go away. I hope I‚Äôm not getting sick ü§í","Brookhaven, GA","United States",-84.3150705,33.8745435
"2313","jennpiano","I am NOT gettin another iPhone.  I pay $600 over the course of my contract for my phone and I deserve a product that still works well after that contracts ends.   I am sick and tired of the iPhone getting all glitchy and slow after only 15 or 16 months...  I realize that Apple wa","Palm Beach Gardens, FL","United States",-80.121529,26.84080665
"2387","r98121261","Rachel Dolezal who wants &amp; claims to be black but have white parents. Gets own Netflix show. Lib's have turned our country into crazy land. Men want to be female still swinging a Johnson are called she. Women want to be men... same thing. Sick!","Republic, MO","United States",-93.463637,37.125845
"2396","tyler__jennings","Idk how people take naps daily. Unless I am sick or work more than 10 hours, I‚Äôm not tired enough for a nap.","Nolanville, TX","United States",-97.6162454,31.079734
"2416","LISTENtoSIN","Sick I don‚Äôt have my microphone here with me","Penn Wynne, PA","United States",-75.2716135,39.986219
"2417","TripletClyde","@realDonaldTrump I‚Äôm getting sick üò∑ of winning!
üòÇ just kidding. President Trump America can never  repay the great things you have done. OOPS I FORGOT YOU DO THIS ALL FOR FREE.
So excited üòÜ to be a American! Thank you üôè We love our President!","Lakewood, CO","United States",-105.1233195,39.685852
"2419","morganellys","my boyfriend knows how much I like to wear his t-shirts and sweatshirts, but he also knows that I‚Äôm allergic to different types of laundry detergents so he switched his laundry detergent for me so I wouldn‚Äôt get sick. I love him üíç","Florida, USA","United States",-83.804475,27.698682
"2441","Num1TrumpFan_","@KurtSchlichter I think joe needs another pron star the one beside him looks a little bit Sick but I think Joe wants a male porn Star","West Virginia, USA","United States",-80.18183465,38.9201425
"2457","CallHimMiami","Girl you ain't gone ever learn
Play with fire you get burned
I don't think you'll understand
Until I hit you where it hurts
So I guess I know what I gotta do
Give you a taste of your own medicine https://t.co/6RUbzdblwt","Virginia, USA","United States",-79.420865,38.0033755
"2480","thcashh","uhuh, skip all these interludes i'm sick of frank oceans mom bombing me","Miami, FL","United States",-80.2333285,25.7823537
"2512","DrJCoftheDC","Think outside the box in athletics @OhioStAthletics and in medicine @OhioStateMed @OSUWexMed! @stevegabbe told my classmates &amp; I @OhioStateMed white coat ceremony (2014) how each year is like 1 lap of a mile &amp; #AnythingisPossible like being a Med stdnt &amp; breaking a world record. https://t.co/MQ6lY4gDjS","Columbus, OH","United States",-82.98577205,39.9946835
"2522","123oneway","@DLoesch @SecretService Sick demented and poor loser thinking.","Wisconsin, USA","United States",-89.5694915,44.900818
"2526","thecookiemaker","@manders_af Dreams when I‚Äôm sick are always the weirdest.","South Salt Lake, UT","United States",-111.89980465,40.706168
"2528","tomyu327","When you've been rushing some for a deliverable only to realize they're sick üôÑ...felt awful but...I kinda need it üôÑüòÇüíÅüèª‚Äç‚ôÇÔ∏è #oops #tgif https://t.co/ugCULEjKnZ","Antioch, CA","United States",-121.796444,37.9856605
"2593","_BossFitz","When none of the tutors in the accounting lab know how to fill 1120‚Äôs üò≠ I‚Äôm sick","Salem, MA","United States",-70.9075225,42.515052
"2600","_tyarashhellee","people really speak negativity into other people's lives that is so sick.","Huber Heights, OH","United States",-84.092503,39.8642389
"2610","ambersweiss","my dog is sick and it‚Äôs the worst feeling in the world :(","Katy, TX","United States",-95.824553,29.78399575
"2634","MalikG24","I‚Äôm sick of dis nigga ü§¶üèæ‚Äç‚ôÇÔ∏è","Mobile, AL","United States",-88.1615555,30.683649
"2640","cmsandoval16_","""The TATmobile""

Because every Super Hero needs sick ride to save‚Ä¶ https://t.co/gEnPjw37Wo","Riverton, UT","United States",-111.96913955,40.51655265
"2649","JenMadeUlook","https://t.co/IS0BlzSUuE via @youtube ""sick wid it like @e40 and tha click wit it"" woke up feeling this this reminds me of @JustADL 1st car many times we risked our lives slapping this Ang teaching herself to drive a stick.","San Francisco, CA","United States",-122.4359785,37.7706565
"2667","ALL4theLUVof_LT","I‚Äôm confused as to why yogurt is banned in ever country but the US , because it‚Äôs unhealthy but Americans sell it and still keep marketing it as healthy?? Its all sugar fam! Any good bacteria in it is destroyed by all the sugar in it ! ü§¶üèΩ‚Äç‚ôÄÔ∏èüíØü§∑üèΩ‚Äç‚ôÄÔ∏è","Kansas, USA","United States",-98.319925,38.49819605
"2679","babyappalachian","@_realhulkhogan crows are bad medicine my friend","Albertville, AL","United States",-86.2061195,34.263264
"2685","MissCB_Fab","IM SICK OF IT!!!! Especially all these damn reboots! Like y‚Äôall are seriously going to keep saying no to all these new screen writers? https://t.co/vAkTR8PTkV","Dallas, TX","United States",-96.7617535,32.8198585
"2748","MegganWaneckk","The after party‚Äôs were so sick last night I love #BurtonUSOpen week!!!!!!!","Vail, CO","United States",-106.362797,39.624827
"2776","YouLoveAMBZ","@Alexandria_Said Bout sick as hell lol","Terre Haute, IN","United States",-87.382054,39.457639
"2797","mraufer2518","When my massage gets canceled BC the therapist is sick.. üò£üò£üò£üò£ ruins my whole day","Fostoria, OH","United States",-83.414131,41.1655885
"2818","Lexxx_____","@themarriedbetch Dude same! I always find myself giving up bcus I get so unhealthy (mentally) lol.","Tustin, CA","United States",-117.802135,33.73378335
"2829","Jmetcalf12","I think the ‚Äúchildren‚Äù who faced death in their own school wanting to have stricter gun laws is a little different than not wanting fucking homework Elizabeth. Sick analogy. https://t.co/7vZ02Op9Tk","Foxborough, MA","United States",-71.2336905,42.06064915
"2847","ladava","@Christin2402 YWSM  Oh no!  I hope they are feeling better today.  I hope you don't get sick.  It was a good Thursday.  Thank you.  I kept waking up because I was cold.  Hugs&amp;Luv2U2","Maryland, USA","United States",-77.2369685,38.8051145
"2850","allywalker1","This is interesting....and sick. https://t.co/6qbxHCcu1k","Los Angeles, CA","United States",-118.4119065,34.0207895
"2878","aaronibal","I haven‚Äôt gotten sick last year or this year I just watch as you all are dying","California, USA","United States",-119.3066075,37.2691755
"2891","MomsMerlot","I‚Äôve been sick these past few days and my toddler has been all about the cuddles. https://t.co/XtjfoT60ht","Illinois, USA","United States",-89.2665075,39.7393005
"2894","nchute2010","This is so sick, so REPREHENSIBLE so UNAMERICAN that I'm w/o words. @realDonaldTrump can't be impeached SOON enough &amp; take @VP WITH HIM @robreiner @RepAdamSchiff @maddow @SRuhle @nytopinion @washingtonpost @Lawrence @jaketapper @TheBeatWithAri https://t.co/3QERpq00bn","Dallas, TX","United States",-96.7617535,32.8198585
"2902","enimsahJ__x","Man at Fort Lee the Air Force cut up so bad and had a hotel party, costs thousands of dollars in damage and shit...every hour on the hour they had a uniform inspection lol they was SICK","Streetsboro, OH","United States",-81.3394744,41.247592
"2945","tmj_ny_erdoc","Can you recommend anyone for this #job in #MontourFalls, NY? https://t.co/ULbIPFcw3y #NursePractitioner #Hiring #CareerArc","Montour Falls, NY","United States",-76.849172,42.3487755
"2957","tmj_atl_intmed","Want to work at Locum Leaders? We're #hiring in #Atlanta, GA! Click for details: https://t.co/siEr1WFbZ8 #InternalMedicine #Job #Jobs #CareerArc","Atlanta, GA","United States",-84.433106,33.7671944
"3043","Txtigr41Scott","@DLoesch @SecretService That is sick.","Van Alstyne, TX","United States",-96.5725065,33.4174125
"3061","lortarzan","I want a girl with good grammer, but a sick mind. Like, her texts always have punctuation, but she‚Äôs going to Hell for the stuff she says. üòÇü§ûüèæüòù","Baltimore, MD","United States",-76.62048175,39.284713
"3071","Caseeyco_","@RavishingBre Period!!!üòÇ btcs b too sick when they hear them two names togetha...","Garden City, MI","United States",-83.34512,42.325387
"3099","herdATs","Fellow AT‚Äôs, there‚Äôs still time to register for this years West Texas Sports Medicine Competition April 9! @RAMS_sportsmed @OHS_Sports_Med","Hereford, TX","United States",-102.392996,34.823149
"3135","juliawb","Anti-choice isn‚Äôt necessarily pro-life. I get sick of conservatives who judge Democrat women as baby killers just because we trust women &amp; believe in the rights of born people.","Bon Air, VA","United States",-77.5697735,37.5188375
"3138","MO_physician","We're #hiring! Read about our latest #job opening here: Physician (Sleep Medicine) - https://t.co/EsuV1XOusk #Physician #Columbia, MO #Veterans #CareerArc","Missouri, USA","United States",-92.4367735,38.3045585
"3151","tmj_LAM_health","We're #hiring! Click to apply: Emergency Medicine - Physician - ED - https://t.co/e77n3nK6X4 #EmergencyMedicine #Olla, LA #Job #Jobs #CareerArc","Louisiana, USA","United States",-91.4010085,30.937336
"3158","OkayJazmin","Bro I sick of my daddy going to Louisiana without me ü§¶üèæ‚Äç‚ôÄÔ∏èü§¶üèæ‚Äç‚ôÄÔ∏èü§¶üèæ‚Äç‚ôÄÔ∏è","Fort Worth, TX","United States",-97.2859135,32.7799665
"3185","Marshaye_Meyers","üåç Matthew 25:36 ‚Äú...I was sick, and you cared for me. I was in prison, and you visited me.‚Äù

‚ú®‚Ä¶ https://t.co/GhO6e9S4LQ","St Charles, MO","United States",-90.51768415,38.7930465
"3208","GlantonSmith","@KokopelliEnt Facts are subject to interpretation and conjecture. Here's a fact: coal miners in there 20s are dying from black lung disease as we speak. Water sources are being contaminated from #fracking. Pick your poison carefully.","Los Angeles, CA","United States",-118.4119065,34.0207895
"3226","Jess_Intermtn","Beautiful morning in #Orlando as #ACC18 kicks off with the world‚Äôs top CV clinicians and researchers here to share, innovate, and collaborate to enhance best practices &amp; defeat heart disease. @ACCinTouch @IntermtnMedCtr https://t.co/TYfsHa7e20","Florida, USA","United States",-83.804475,27.698682
"3237","errrcca","When I‚Äôm sick, I turn into such a baby üòû I just want my man üò≠","Davis, CA","United States",-121.739163,38.5585535
"3238","WI_physician","Want to work in #Marshfield, WI? View our latest opening: https://t.co/11EZAgEySS #EmergencyMedicine #Job #Jobs #Hiring #CareerArc","Marshfield, WI","United States",-90.169485,44.6659225
"3258","MajorSlander","Sick world","Durham, NC","United States",-78.8954403,35.9909825
"3287","kunovski","@SouthwestAir As a Frequent Flyer for 11 yrs, I'm extremely disappointed with service at Sky Harbor 2day! My elderly and sick Father is in a wheelchair and lines for these people sadly are too long. From ticketing- to waiting for a male TSA to tap him down...unexceptable","Phoenix, AZ","United States",-112.1246767,33.5528626
"3351","bearsbeetsbutts","I‚Äôm here for this. She does comedy so well but it‚Äôs sick to see her in more serious roles. https://t.co/eEPfnwfJbQ","Greenwood, IN","United States",-86.1453205,39.58303865
"3369","__royalltyyy","@loyaltyfirstmel You can get sick from not sleeping for days so bye.","Youngstown, OH","United States",-80.6395405,41.105271
"3374","Mariee_Wassuh","I‚Äôm at home sick but I‚Äôm lit","Lancaster, TX","United States",-96.785531,32.604786
"3419","CritchfieldC","Need something fun to do. So sick of the sam ol boring crap.","Indiana, USA","United States",-86.441236,39.7665555
"3436","StillCool_22","If you not ugly don‚Äôt hmu sick of y‚Äôall boujie women","Orlando, FL","United States",-81.36777265,28.50167835
"3476","claytonfarris","Catch me on Jane the Virgin tonight!  It‚Äôs true what everyone says about @HereIsGina she was so welcoming and bad ass. Give it a watch if you aren‚Äôt sick of my face yet! https://t.co/q94VCywpqe","Los Angeles, CA","United States",-118.4119065,34.0207895
"3496","justjakyla","I‚Äôm tired of boys from chicago, all y‚Äôall fit into the same 3 categories and I‚Äôm sick","Chicago, IL","United States",-87.732013,41.83358445
"3576","matthewdbehling","so sick https://t.co/MHh1Vuz4iE","Arizona, USA","United States",-111.93171085,34.16825365
"3583","Alontiax0_","Im sick af &amp; I been smoking every time I inhale my throat be on FIRE wdf","Stamford, CT","United States",-73.554097,41.0983345
"3634","SusanBro1821","Sick and so tired... https://t.co/ThApYnRdpa","Chesapeake, VA","United States",-76.2958955,36.7632155
"3668","bon_avenir","This school just makes me sick, literally ü§ß","Wright-Patterson Air Force Base, OH","United States",-84.0707096,39.8065493
"3687","VanBradeen","Sick of identity politics and putting everyone in color groups‚Äîlets love like a Jesus loves. Buy Live Love at Amazon https://t.co/12TtSV7ptz","Town and Country, WA","United States",-117.42291635,47.727995
"3719","Kelly_Watkins21","Being dehydrated is the worst when you feel sick, because rehydrating feels like the worst thing to ever happen, even though it's helping you.","Utah, USA","United States",-111.547029,39.499762
"3722","montbummery","real heads know kurt weill goes hard af. this is sick, sounds like the caretaker or sumn https://t.co/qzkdfb5Oey","Morgantown, WV","United States",-79.94383735,39.6293146
"3725","sick_cone1","@d_dawg_killa See what I did there?","Red Hill, SC","United States",-78.976213,33.7661365
"3729","RoseyEveryday","Feel like I‚Äôm getting sick... took some medicine I keep in my class to fight off whatever bug wants to hit me. Fingers crossed! I don‚Äôt want my weekend to be ruined üôÖüèª‚Äç‚ôÄÔ∏è","Paradise, NV","United States",-115.1351649,36.0609645
"3734","RUGGZMusic","Bonus points: now I have to miss @Excision (and @diontimmermusic and @monxxbeats) on his tour for the first time in 4 years and get to go to Ultra Miami looking like an acne-riddled middle schooler because of the lasting effects of this disease life is SO GOOD WOO :):):):):):):) https://t.co/RHqk0x5FQm","Texas, USA","United States",-100.0768885,31.1688935
"3755","mercyy1995","Why did i had to get sick üò∑üò∑","Paradise, NV","United States",-115.1351649,36.0609645
"3776","sick_cone1","Suckkk a fat one https://t.co/p6XUPWUQQ6","Red Hill, SC","United States",-78.976213,33.7661365
"3786","theamzs","I‚Äôm getting sick at what is the absolute worst time someone kill me","Schiller Park, IL","United States",-87.8686855,41.9593837
"3805","OldBaj","@ttoiiii_ I know you make em Sick. Toi w no Waist","New Orleans, LA","United States",-90.011008,29.982601
"3818","wtfdoicare33","@VP @POTUS https://t.co/64FcG0V6GP Pence is a LIAR like @realDonaldTrump So Sick of all the LIES when they are RAPING TAXPAYERS Destroying American for GREED #TraitorPence Will be OUSTED üñïüèºü§°","Toledo, OH","United States",-83.574671,41.6565905
"3827","onlydchzusetwtr","""why do we always get sick after we hang out?"" https://t.co/PNUOWlMvwF","New Milford, NJ","United States",-74.0180395,40.9329624
"3868","just_1_KNIGHT","These kids done got me sick üòí","Norfolk, VA","United States",-76.255686,36.895082
"3873","katytip","I'm either sleep deprived or sick... I got McDonald's breakfast and almost THREW AWAY my bag with hash brown STILL inside. Thank goodness this didn't happen. #mickeyds #hashbrownlove","Tulsa, OK","United States",-95.9136419,36.1093915
"3901","_malibooo","it‚Äôs 2018 and you still want your friends to encourage toxicity? you still want to make excuses for it? better question.. r u sick? fever? learn ur fuckin worth.","Rosenberg, TX","United States",-95.76739475,29.532056
"3908","SophieBalzoraMD","@DrCoreySiegel: disease activity refers to a moment in time of a patient‚Äôs disease VS severity, which refers to a patient‚Äôs overall chronic condition. Important distinction. #BigGutIBD18 #IBD","Manhattan, NY","United States",-73.9685415,40.780709
"3910","madison_embry","You make me fucking sick.","Bowling Green, KY","United States",-86.4355085,36.965671
"3939","calvinbynum5","@thebradfordfile I'm sick at my stomach, this Demonic Muslim Obama is still active trying to destroy America Sovereignity &amp; Cultures &amp; we're still paying him with our tax $$ !What has happened in America that this Treasonous Devil has not been tried for Treason?","Texas, USA","United States",-100.0768885,31.1688935
"3950","born2shine4ever","So OJ Simpson actually confessed to killing Nicole and Ron?! I hope he gets his before his life is over. If it wasn‚Äôt for her dog bringing some passerbys to her body, her kids would have woke up and found her body. Fucking sick piece of shit! üò°","Oakland, CA","United States",-122.2286855,37.7919941
"3956","TheMingLee_","@Jteezy019 @Smooth_Orator parasitic infection caused a brain disease that paralyzed him from neck down.","Akron, OH","United States",-81.5167515,41.0808775
"3972","LifeCoachLJ","Watch out for those waves at #UniversalStudios

Jurassic Park ride was sick! Love those big‚Ä¶ https://t.co/oM7SQcU5A9","Orlando, FL","United States",-81.36777265,28.50167835
"3982","pfitzge","@JZukawski @DLoesch @NRA SICK MAN!","California, USA","United States",-119.3066075,37.2691755
"3995","chrismessina","Happy Friday!
""Male beetles often have thin penises longer than their bodies. Now scientists are discovering how these insects can have sex without breaking their narrow, lengthy penises, findings that could help lead to longer, stronger catheters for use in medicine."" üêû https://t.co/DH3qQXk1tg","San Francisco, CA","United States",-122.4359785,37.7706565
"4001","tahreeee_","Why must I get sick rn?! I wanna enjoy my weekend of drinking &amp; shit....üò™","St Charles, MD","United States",-76.920117,38.6035214
"4034","sydneydoogs","Being away from home while my dog is sick sucks. I just want to be by her side","Toledo, OH","United States",-83.574671,41.6565905
"4055","__royalltyyy","I have no energy , I need to go to sleep before I get sick ü§¶üèΩ‚Äç‚ôÄÔ∏è","Youngstown, OH","United States",-80.6395405,41.105271
"4133","jadenrose94","if u condone this shit ur fucking sick in the head I don‚Äôt understand what goes thru these people‚Äôs minds https://t.co/SrE6KAxqis","Ferndale, MD","United States",-76.634125,39.18563905
"4134","landis_melinda","@mill_cats I  have a feral, Wabi Sabi, or Wobbles, who lives in the house but can't be touched. A rescue, of course. She was living in the catio/garage but decided to come in out of the cold, even tho she won't let us very close. Gonna be a prob when/if she gets sick! https://t.co/s3tQMSNFT8","Indiana, USA","United States",-86.441236,39.7665555
"4137","illaDuff","This girl posted this at SIX AM thinking she was like hot or something LOL. Social media is half a disease nowadays. https://t.co/RhQ0VAcZBX","White Horse, NJ","United States",-74.70517695,40.1841162
"4240","millykillyz","damn I‚Äôm just trying to see him but no I had to get sick again fuck my llllliiiffffeeee","Las Vegas, NV","United States",-115.223125,36.232915
"4266","_brookie44","We got that bad love but it tastes like medicine","Prosperity, WV","United States",-81.203801,37.836234
"4267","Fireyams","Hbd @_Charliedaking_ stay sick bro","Maricopa, AZ","United States",-112.012265,33.0584962
"4269","quepasaflo","I hate being sick, I feel like a weak ass little punk ‚òπÔ∏è","Budd Lake, NJ","United States",-74.7464865,40.8750805
"4278","freakjawninc","That isn‚Äôt his fault. Also he is ‚Äúblack‚Äù. Just because someone is mixed race DOESNT mean they can‚Äôt identify as Black üòëüòëüòë

I‚Äôm really sick of this narrative being pushed around the Black Community https://t.co/UGpZcyCOzX","Philadelphia, PA","United States",-75.117998,40.0048655
"4282","NE_physician","See our latest #Neligh, NE #job and click to apply: Family Medicine Physician, Neligh, NE - https://t.co/RaogiSJyOi #Physician #FamilyMed #Hiring #CareerArc","Nebraska, USA","United States",-99.6809025,41.5007293
"4321","sierraa__nicole","Let me tell ya, taking care of a whiney teething baby while you‚Äôre sick is NOT the business üò™üò∞","Woodland, WA","United States",-122.738032,45.9117205
"4378","arlenyalmonte","I would wake up sick ü§¶üèΩ‚Äç‚ôÄÔ∏è","Linden, NJ","United States",-74.2454555,40.6242735
"4381","a_berennice","I HATE being sick! My eyes all watery and puffy ü§ï","Bethany, OK","United States",-97.641153,35.51249
"4390","tmj_ok_erdoc","See our latest #Okemah, OK #job and click to apply: Emergency Medicine - Physician - ED - https://t.co/sl85QfisOK #EmergencyMedicine #Hiring #CareerArc","Okemah, OK","United States",-96.306461,35.431558
"4404","KathleenBroadw4","@RealJack She needs to go really. Dementia is a horrible disease.","Orion, MI","United States",-83.2656345,42.7539075
"4448","TripletClyde","@VP VP Mike Pence,
It‚Äôs hard not to stand in Awe, over the Leadership of President Trump! God is so great, when we see prayer answered. 
Presidents  words, You might even get sick of winning rings true.
MY EYES HAVE SEEN THE GLORY Of THE COMING OF THE LORD. God Bless the MAGA TEAM","Lakewood, CO","United States",-105.1233195,39.685852
"4457","pxwhittle","@CaulfieldTim @CarlynZwaren @TamarHaspel @DrJenGunter @AlanLevinovitz Yup. And that‚Äôs a big problem re: lots of conventional pain medicine. Here‚Äôs one example. https://t.co/bt37VhUxb7","Portland, ME","United States",-70.292545,43.696187
"4477","sydnielea","If you don‚Äôt like dealing with people, if you can‚Äôt tolerate sick and mean people, DO NOT BECOME A NURSE!!! Patients and people in general deserve so much better than this woman to care for them when the need it. üò°üò§ https://t.co/gSLseGPRZK","Los Angeles, CA","United States",-118.4119065,34.0207895
"4485","JenaFreeman","This shit is so sick, how do you treat anyone like this. I'll never understand, if you don't like your job GET A NEW ONE https://t.co/2GCEuRPpHY","Columbus, OH","United States",-82.98577205,39.9946835
"4526","tmj_az_erdoc","Join the Staff Care team! See our latest #job opening here: https://t.co/GKrGPmM3qQ #EmergencyMedicine #Cottonwood, AZ #Hiring #CareerArc","Cottonwood, AZ","United States",-112.02028,34.73732
"4527","akborough","@Varneyco you should look at a company called. bio electric Corporation BIEL. They have a pain Relief device that could solve the opioid crisis their device would be used in place of addictive opioid medicine #maga @usa @FoxNews @FoxBusiness @realDonaldTrump @seanhannity","Virginia, USA","United States",-79.420865,38.0033755
"4532","Mr_Basketball15","Feel like I‚Äôm getting sick.","Arkansas, USA","United States",-92.131274,34.7519365
"4559","astkshaf","comedy is good medicine. https://t.co/cQqGAT29Zn","Absecon, NJ","United States",-74.508969,39.446196
"4606","lucccid","@DEATHROWCHRIS That shit make me feel sick af","Scott Lake, FL","United States",-80.228533,25.943867
"4627","GuessWhatItsLiz","When is the busiest friday you‚Äôve had in a while and two people call in sick https://t.co/ruNjmKbsmb","Tulsa, OK","United States",-95.9136419,36.1093915
"4628","LyndaTl3002","@shannoncleveng6 @que_bonita_00 @NBCNews Nope, sick of the present one!","Palm Springs, FL","United States",-80.0909776,26.640987
"4637","lucycarin","@miss_amy_qb Goin try this year it may be harder than ever....this city got sick populated and no new roads really.... very had to get anywhere inner city now, but am gonna try....","Texas, USA","United States",-100.0768885,31.1688935
"4688","BTonti","Pretty sick! https://t.co/gEvId4tnxL","Hilliard, OH","United States",-83.1433925,40.0408125
"4765","Dinah_Jewels","i really feel so sick but i‚Äôm scared to call off work","Anderson, IN","United States",-85.67262725,40.1053985
"4768","geeze_louise18","I love when my lymph nodes swell up so big that I can't swallow medicine to make it go down üôÉ","Knoxville, TN","United States",-83.9638415,35.9824705
"4807","CHEF_ANDREW_23","@GillianA Hey I'm a cancer survivor. And I have neurofibromatosis I‚Äôve had 18 brain operations.A fused neck Brain cancer.60 rounds of chemo for two years.I had to wear this halo for 2 years.IÔ∏è am a big fan of your!Love cooking,always wanted to meet u!You know this disease sucks","Vail, CO","United States",-106.362797,39.624827
"4819","dooditstrish","Honestly, I‚Äôm really at my fucking breaking point. Getting  really sick and tired of accommodating anyone","Whittier, CA","United States",-118.01885585,33.9759175
"4827","daniellamarie","is online shopping a disease or a choice???","Brick, NJ","United States",-74.1177895,40.0761155
"4888","caitlyn_lobb","When you‚Äôre sick af and can‚Äôt do anything just make tit art üòÑüñç","Streetsboro, OH","United States",-81.3394744,41.247592
"4893","ajebuuutter","@vickiee_bae Sick ü§Æüò∑üòÇ","Georgia, USA","United States",-83.1738665,32.6782075
"4926","dare2scherr","Captivating story. Reminded me of a Yann Martel interview after his highly successful Life of Pi was published. ‚ÄúLife is a story. You can choose your story. Choose to live the better story.‚Äù 
https://t.co/VcToCgYcZb","Omaha, NE","United States",-96.053431,41.275721
"4954","martin_joonya","Real sick, brawl nights, I perform like Mike
Anyone, Tyson, Jordan, Jackson
action, pack guns, ridiculous
And I'm, quick to bust, if my ends you touch
Kids or girl you touch, in this world I clutch #RIPBIG

https://t.co/02dCxtSTec","Franklin, MA","United States",-71.4077465,42.078873
"4969","__AmirahM_","10 weeks today and im still sick of course lol","Chicago, IL","United States",-87.732013,41.83358445
"4983","lebitchdrea","sick and dying I did nothing to deserve this","Houston, TX","United States",-95.4464865,29.8384948
"4989","lookatmeela","I‚Äôm so miserable when I‚Äôm sick. Tired of drinking tea and eating Lipton soup üôÑ it‚Äôs only been 2 days üòÇ #dying","Hampton, VA","United States",-76.362276,37.0508965
"4999","DogsArUs","That's the sick truth of white supremacists; Vote November to shut them upüá∫üá∏üëç‚úåüá∫üá∏ https://t.co/NRG14PBcp1","Everett, MA","United States",-71.052126,42.405331
"5042","ItsTheillNaNa","This movie ‚ÄúPrisoners ‚Äú is crazy asf. There are really sick ass ppl out here that kidnap kids to replace one of their own deceased or missing loved ones","Cleveland, OH","United States",-81.7054672,41.4959395
"5043","Fredrixxx_","This medicine has my outta there ü§¶üèæ‚Äç‚ôÇÔ∏è","Atascocita, TX","United States",-95.1926802,29.97266805
"5056","Xx_Mclain_xX","working in childcare has my immune system getting strong but it also isnt fun being sick all the time!!!!!","Burlington, IA","United States",-91.1308055,40.810943
"5090","ponhiki","I listened to part 2 last night. Just plan on calling in sick on Wednesday. https://t.co/itZVl0FHQ9","Raleigh, NC","United States",-78.657837,35.8439812
"5134","BlindScottBos","@Fluffy_mn_dave @benmaller @DannyGradio @uhbroncofan @Eddieonfox @WilliamShatner Then I blocked barbecue land because I got sick of his notifications all day.","Boston, MA","United States",-71.0887125,42.3136695
"5151","KaylaAdelle98","I‚Äôve been sick and binge watching supernanny, what a time to be alive.","North Carolina, USA","United States",-79.86103375,35.1704985
"5165","CoachMikeGPU","Sick ü§Æü§Æ https://t.co/bfogIDcViM","Houston, TX","United States",-95.4464865,29.8384948
"5168","shannimcg","I‚Äôm still sick, I have an infected lesion on my right tonsil &amp; I‚Äôve been on hold with my bank for the last 30 minutes https://t.co/7YEXWAOYpO","Salt Lake City, UT","United States",-111.91702575,40.76580515
"5185","UniteOurVoices","This makes me sick when elected officials think they are above the law- especially to pay their utility bills like the rest of us and not be transparent about it.  We need people in office that have simple family values! Thanks @lorigearymedia for pushing this! @ajc https://t.co/JxKZcOVOz1","Los Angeles, CA","United States",-118.4119065,34.0207895
"5188","edweirdo__","I'm so sick of this Friday afternoon shift.","Philadelphia, PA","United States",-75.117998,40.0048655
"5205","RaineDolll","Getting sick again üò£","Detroit, MI","United States",-83.099288,42.3527865
"5211","_sweetnesssss","Too sick ü§¢","Florida, USA","United States",-83.804475,27.698682
"5246","ajebuuutter","@vickiee_bae is truly sick. Selling me her autograph for $50 plz y'all come collect her","Georgia, USA","United States",-83.1738665,32.6782075
"5264","dleiben_debby","@SenFeinstein Hey dipshit. He is targeting CRIMIINALS.  ICE IS TARGETING THE CRIMINALS.  You know this. Don‚Äôt try to lie and spin this.  We, the people are sick of ur agenda &amp; politics that serve only YOU.  You keep dangerous criminals in our neighborhoods, that YOU DON‚ÄôT live in.  Stop it.","Lone Tree, CO","United States",-104.88665145,39.536705
"5289","beilue","This 15 year old in Ghouta posts about his life in a city under constant attack. He shows the horrors of a war where children are killed and people are starving. Disease is beginning to spread. Just a few weeks ago they were in school. #SaveGhouta https://t.co/h3VmSPGSzn","Edmond, OK","United States",-97.455741,35.6952221
"5301","lakercrzy","Resigns? Fu@kin FIRE AND JAIL HIS SICK ASS!!!!! https://t.co/oOuKmCtas4","Indio, CA","United States",-116.237907,33.7446325
"5346","sydneyypaiige","I‚Äôm honestly real sick of ESU‚Äôs parking","Emporia, KS","United States",-96.187228,38.411349
"5350","BagMamii","I‚Äôm sick asf ü§¢ü§¢ü§¢","Durham, NC","United States",-78.8954403,35.9909825
"5378","duro_cell","SicküëåüèΩ https://t.co/OZUGP3CLtf","Corpus Christi, TX","United States",-97.432425,27.737151
"5397","abigailhotzel","IM GETTING SICK NO NO NO NO NO","San Diego, CA","United States",-117.10498915,32.8100122
"5414","amandaA96527697","im felling sick and tired","Bonifay, FL","United States",-85.684254,30.7837935
"5450","iJordan340","@DontBeAScunt Sick","Lovejoy, GA","United States",-84.3228125,33.44098335
"5485","juhnke","This is horrifying. 

Our heartland is sick. 

https://t.co/eIRYrcmEX8","Atlanta, GA","United States",-84.433106,33.7671944
"5525","yusufyuie","#BiggieSaid 

""Mad I smoke hydro, rock diamonds that‚Äôs sick
Got paid off my flow, rhyme with my own clique
Take trips to Cairo, laying with your bish"" https://t.co/Re76eOzyna","Philadelphia, PA","United States",-75.117998,40.0048655
"5555","DoryanWard","I think the Pittsburgh Steeler's bumblebee uniforms are kinda sick","Florida, USA","United States",-83.804475,27.698682
"5557","gohogsgirl","@KCMOParks @QuintonLucasKC @GKCAA @swopetrails Can we find some $$ to improve and promote the Swope lark pool? It‚Äôs a beautiful facility with history and has the potential to be a real gem to the area. We are SICK of driving to Kansas to swim in the summer.","Kansas City, MO","United States",-94.5592817,39.1000485
"5571","thestrangelife","I was just sick for four days and now I‚Äôm going to wander into the biggest vat of coffee after following the latest Margaret Glaspy single into the woods for a bit https://t.co/1OL1tz0zeu","Maryland, USA","United States",-77.2369685,38.8051145
"5594","shoegamepoppa","I got left on read, finally a taste of my own medicine üòÇ","Oakland, CA","United States",-122.2286855,37.7919941
"5605","ItzLando_","Y‚Äôall bouta be so sick how I get off ü§¶üèæ‚Äç‚ôÇÔ∏è","Detroit, MI","United States",-83.099288,42.3527865
"5666","KaitlynMayMaska","@shannonk707 I need to do something to it I‚Äôm so sick of how it is rn","Southbridge, MA","United States",-72.0320865,42.084955
"5672","TreyTheJedi","I bought a penny stock because I was fucking around and it went up like 30 percent....I‚Äôm sick","Sunset Heights South, Fort Worth","United States",-97.3904988,32.72053
"5691","drmidrmi","@ranitmd strong medicine powerful voice from a woman family physician leader - my thoughts exactly : remember the living in our fight for gun sense laws and in our demands for more research and public health oversight https://t.co/gGe8Ss2Z64","Ukiah, CA","United States",-123.2099555,39.145408
"5708","debbieantonelli","Got to be kidding me! Article @washingtonpost making me sick. . . my grandmother always told me ""if you throw all your issues in a hat, you better hope you pick your own back out"".  
https://t.co/BdGWCUBPW6
Our lives 100% enriched! @clemsonlife1","Mount Pleasant, SC","United States",-79.837322,32.8479465
"5766","Sage_Suede","*sick","Austin, TX","United States",-97.75472415,30.3233457
"5801","MyTracea","‚ÄúHope deferred makes the heart sick, but a dream fulfilled is a tree of life.‚Äù
Proverbs 13:12 NLT
https://t.co/w51E6dMRju","Virginia, USA","United States",-79.420865,38.0033755
"5825","__angelnicolee","IM SICK OF YOU LITTLE WHORES","Mobile, AL","United States",-88.1615555,30.683649
"5866","mriej","@AnonTelope129 @GeorgWebb These people are sick!","Los Angeles, CA","United States",-118.4119065,34.0207895
"5885","iSethHarris","changnesia is a serious disease, good luck on your grant https://t.co/JflNQtsnZ1","Boulder, CO","United States",-105.24268645,40.0239815
"5892","_Kayslimm","I‚Äôm sick üò™","Irvington, NJ","United States",-74.2327845,40.7256935
"5913","freakygemini__","Glad i aint plan to do shit i refuse to stay sick","Fort Lauderdale, FL","United States",-80.14917255,26.150368
"5949","TheMikeSmith2x","@StevensSydni Dang you sick to? I might need to get y‚Äôall some medicine..","Madison, MS","United States",-90.13367505,32.474318
"5968","mo_gunderson","This makes me sick to my stomach. This lady should feel disgusted with herself, &amp; so should the other lady for letting her do that to the poor man. I can‚Äôt wrap my head around the fact that people can do such things! I pray that man is now in good hands. https://t.co/apmKnQ97qm","Georgia, USA","United States",-83.1738665,32.6782075
"5973","greggyslopes","Today‚Äôs gonna be SICK","Florida, USA","United States",-83.804475,27.698682
"6028","beeutifuldsastr","I better not get sick üò©","Los Angeles, CA","United States",-118.4119065,34.0207895
"6045","TyranMalone","Sick of putting gas in this big ass truck","Louisville, KY","United States",-85.7223455,38.195555
"6047","rc_chavez13","So sick and tired of the same toxic ppl in my life. ‚úåüèª","Dixon, CA","United States",-121.8340105,38.4475385
"6061","Jonooooo","@DrDenaGrayson You‚Äôre a very sick woman. How dare Trump not continue to do exactly what his predecessors did which got us nowhere. Newsflash, Kim doesn‚Äôt need validation- he‚Äôs a sick f‚Äîk but he‚Äôs still their leader. @TerryMcM1868 imagine being this delusional? Sad.","Manhattan, NY","United States",-73.9685415,40.780709
"6070","aborengasser","There you go projecting again. You and your party are the embarrassment. You and Dims lie with the Russia  collusion to destroy the President &amp; now have no shame dragging out a nasty immoral woman whose life is in bed with the devil and pretend your righteous. You &amp; Dims are sick https://t.co/VjPl4ON5yU","Broken Arrow, OK","United States",-95.7701948,36.0393055
"6084","Pashin_35","Road trippin‚Äô w/ noventure to go get tattooed ü§ôüèªü§ôüèªü§ôüèª sick little‚Ä¶ https://t.co/kSvErQHtoU","Ohio, USA","United States",-82.66946745,40.3651595
"6111","Whhyyyyy4","I‚Äôm sick and tired of people talking about Mardi Gras üò©üò©","Church Point, LA","United States",-92.21595,30.4048895
"6112","ToriaTakeOver","I don‚Äôt think I‚Äôve ever felt so defeated by school. Between that and being sick for a month straight i just want to crawl into a hole.","San Marcos, TX","United States",-97.9351917,29.8956065
"6120","A_richards1_","@mariahkellly I‚Äôd be fuckin sick","Deptford, NJ","United States",-75.12367095,39.815139
"6133","quepasaflo","Still feel sick af ü§∑üèª‚Äç‚ôÄÔ∏è","Budd Lake, NJ","United States",-74.7464865,40.8750805
"6138","LolChaseUwild","@AneesaLynn Your goal now is to get the prof sick so class get canceled later on","Weatherford, OK","United States",-98.675733,35.538063
"6156","manuel179657117","sick ,irratated,mad asl","Rockford, IL","United States",-89.0175665,42.2571455
"6178","chnorton1","The Bible says, ‚ÄúA cheerful heart is good medicine‚Äù (Proverbs 17:22 NIV). A sense of humor is God‚Äôs antidote for anger and frustration.","Jackson MS","United States",-89.9096035,32.3163055
"6238","TimFlaherty823","@Dev9197 @ProWrestlingMag I'd draft Big E to Raw. I'm so sick of New Day at this point and we need change","Pennsylvania, USA","United States",-77.604684,41.1179365
"6242","MFcka_Lou","I haven‚Äôt called out sick from work in over 8 months and I have over 50 hours of paid absence. Hell yeah..","San Ramon, CA","United States",-121.94157935,37.758225
"6255","r_baenen","Yuji Shimada is a sick fuck. HE and Yamasaki must go to the same BDSM snuff club.","Las Vegas, NV","United States",-115.223125,36.232915
"6262","BossPinkk","I‚Äôm sick asf dam there dying","Chicago, IL","United States",-87.732013,41.83358445
"6289","BleuGarten","Pro tip: it will be 70 degrees by 3 pm so mention your stomach ache now to your boss so that when you ‚Äúleave sick‚Äù at 2, it doesn‚Äôt raise suspicion. And make sure your friends don‚Äôt tag you in photos when you get to Bleu! Wear a disguise if you must. #MakeGarteningAPriority","Oklahoma, USA","United States",-98.71699175,35.3090465
"6306","tmj_nm_erdoc","We're #hiring! Click to apply: Emergency Medicine / Primary Care Physician - https://t.co/EB7EdKbzOI #EmergencyMedicine NM #Job #Jobs #CareerArc","New Mexico, USA","United States",-106.026119,34.166235
"6322","librarysteg","@SecretBeck Hope he‚Äôs not too ill. I‚Äôm home with a sick one today","Normal, IL","United States",-88.9915295,40.5247748
"6326","_tamariaaa","I‚Äôm sick of you https://t.co/2yy7D4NStF","North Las Vegas, NV","United States",-115.133373,36.2491245
"6377","toridonaghuee","damn, did not expect the sick verse in Permanent üôèüèºüôèüèºüôèüèº","South Carolina, USA","United States",-80.926628,33.6311395
"6393","Sick__Rick","That ain‚Äôt the first time that organgutan smoked lol that boy ashes it and everything. https://t.co/ghC8w8rFS1","Concord, CA","United States",-121.9986445,37.973327
"6404","_dilloncasey_","Kacey Musgraves is playing in Dublin tonight and I‚Äôm sick I‚Äôm not there","Rock Hill, SC","United States",-81.01477595,34.91556845
"6408","austin_montoya","Experts estimate that the US health care system wastes $765 billion a year. One reason why: drug companies make you buy more medicine than you need. https://t.co/V8I6Hih2yO via @voxdotcom","Denver, CO","United States",-104.9220935,39.713563
"6409","paytonnnn7","i took the wrong medicine this morning so rip","Dixon, IL","United States",-89.47951615,41.8587364
"6427","BarrelRacrRose","If ONE more person behind me in class sneezes.... I‚Äôm gunna get sick. Too many germsüò≠üò∑","Stillwater, OK","United States",-97.08020475,36.1296889
"6470","donaldjonas","Tooth decay is the MOST common chronic disease for kids. Low-income families 2X as likely to have untreated tooth decay as kids from higher-income neighborhoods. ‚ÄúWhen children‚Äôs oral health suffers, so dies their ability to learn‚Äù. @OpportunityCLT @CharMeckSchools @CareRingNC","Kernersville, NC","United States",-80.0837163,36.1128105
"6487","qun_yao","Getting sick on the right time üôÑüòÇ","Stephenville, TX","United States",-98.219125,32.21631
"6492","JamesMytwosense","I am so sick and tired of the left and dems sitting on the edge of their seats just waiting for president Trump to make a mistake or say something wrong 8 years of Obama's crap the lies the biggest one was that he was fighting for the blue-collar middle-class","Alabama, USA","United States",-86.6807375,32.576227
"6518","sweetheartkhy","I‚Äôm getting sick wtf","Bridgeport, CT","United States",-73.1991185,41.1856745
"6532","airismile","i was hella depressed last night and i woke up really sick COINCIDENCE????????? tbh probably","Texas, USA","United States",-100.0768885,31.1688935
"6549","PhyliciaPeter5","@jeganmohnson_ Awe meggy I love you I honestly don‚Äôt know how I got sick but however it was it wasn‚Äôt ur fault ur great love u ‚ù§Ô∏è","Bloomfield, NM","United States",-107.9851605,36.71127
"6552","_apachewarrior","@ccmurph317 It is a disease it's just them people use drugs today's disease is a damn phone","Philadelphia, PA","United States",-75.117998,40.0048655
"6562","JazzieBURR_","Y‚Äôall are really desperate and sick. And pressed. Bruno hasn‚Äôt done shit to y‚Äôall and has always been an artist and performer. Quincy stans and told y‚Äôall Michael Jackson was a whole thief. Shut the fuck up.","Manhattan, NY","United States",-73.9685415,40.780709
"6570","Misses_Lou","@ketsee I think now im getting sicküò•","McAllen, TX","United States",-98.2456743,26.24069
"6571","LayneM32","Baby girl is sick but still beautiful as ever https://t.co/9A5z0SQmsM","Batavia, OH","United States",-84.1637855,39.082347
"6581","TheRealJahh__","Does anyone know home remedies for a dry cough? I'm tired of medicine.","Suitland, MD","United States",-76.9212315,38.848156
"6586","_Jadedd_","‚ÄúThe flu shot gave me the flu‚Äù-patient ‚Äúuh no it didn‚Äôt that‚Äôs literally impossible‚Äù-me ‚ÄúI had to go to the hospital I was so sick!!‚Äù-patient. ‚ÄúWell were you diagnosed with the flu or any adverse reaction to the shot while there?‚Äù-me ‚Äúno, they said it was a cold‚Äù-patient https://t.co/AUNobZOSLd","Cleveland, OH","United States",-81.7054672,41.4959395
"6646","Kamali_Thompson","American Academy of Orthopedic Surgeons Conference ‚ú®
.
.
.
.
#medicine #medstudent #futureMD‚Ä¶ https://t.co/mHaszZyDfV","New Orleans, LA","United States",-90.011008,29.982601
"6688","LoudounBiz","Beer üç∫ cars üöó concete üè† paper üìù clothes üëï cooking products ü•ò fuel ‚õΩÔ∏è medicine üë©‚Äç‚öïÔ∏è are just a few of tens of THOUSANDS of applications for #industrialhemp being discussed at #FFRI18 this morning! https://t.co/4maYYffPGO","Winchester, VA","United States",-78.16936155,39.167891
"6690","bknighton76","@POTUSbonespur @Red4Freedom @CrazyScaryWorld @JeanasJewels @Alyssa_Milano @Cindy71 @amazon @DLoesch Have you ever looked in the mirror and said I am a sick individual","Edinburgh, IN","United States",-85.9687065,39.3399539
"6691","ashpatpatin","So exhausted that I legitimately feel sick. Like I have a fever and i feel nauseous. Cool.","Wisconsin, USA","United States",-89.5694915,44.900818
"6707","JayZiv","Loki was sick all of last night and I‚Äôm extremely exhausted and stressed at work today...so no one talk to me","Manhattan, NY","United States",-73.9685415,40.780709
"6731","Maggie_Gunning","I felt my nose start to get stuffy and I legit said ‚ÄúListen up ya little bitch, I ain‚Äôt in the mood for your shit today, you are not gonna get sick and that‚Äôs final. Bitch‚Äù","Elkins, WV","United States",-79.85299065,38.9280068
"6786","KiraTouchton","Being a musician and sick is just a real struggle... scratch that being a musician is just a struggle.","University, FL","United States",-81.1972753,28.588445
"6842","thaaREALred","@amour_Kaysh sick of you üò≠üò≠","Vienna, GA","United States",-83.79591445,32.09037165
"6890","sam_piemonte","i can‚Äôt tell if i feel sick or if i‚Äôm just hungry","Boston, MA","United States",-71.0887125,42.3136695
"6897","jeremyjojola","Sick day today. This cold really kept me up all night. üò∑ Hearing from others who got sick too. Took a while to recover.","Denver, CO","United States",-104.9220935,39.713563
"6954","burnoutamber","yup I‚Äôm sick","Inglewood, CA","United States",-118.34615235,33.95363355
"6963","monikagarcia_23","I dont know if im getting sick again or what because every morning this week ive been waking up with a sore throat then in the agternoon im fine o dont get it","San Antonio, TX","United States",-98.5406515,29.417501
"6964","ladava","""Healthy Hair Test: Place a few strands of hair into a glass of water. Healthier hair will float, while unhealthy hair will sink.""

From My Life Hacks Calendar 2018 #LifeHacks","Maryland, USA","United States",-77.2369685,38.8051145
"6977","ChloeMariaaa","I'm starting to feel sick every time I do school or homework because it's so stressful, so yeah, it isnt https://t.co/wK97YPRfvk","Kent, OH","United States",-81.35043465,41.1602503
"7004","xxnayelitxx","@mikayloveee Girl same who got us sick üò©ü§î","Bellflower, CA","United States",-118.12904175,33.8880815
"7021","taylornordeen","Keep trying to order @awonderland new vinyl and I‚Äôve been declined four or five times. üò≠üò≠ I have the money just take it alreadyyyyyy and give me the sick vinylll","Central, SC","United States",-82.781883,34.7214695
"7033","HBrueske924","Im sick of trying to hang out with friends and getting blown off. Im not THAT annoying üò¶","St Paul, MN","United States",-93.1056485,44.94151555
"7037","tmj_bal_cler","This #job might be a great fit for you: Guest Services Coordinator - Surgery - https://t.co/5kc6NbocHs #Clerical #Baltimore, MD #Hiring #CareerArc","Baltimore, MD","United States",-76.62048175,39.284713
"7039","hpcodc","mfs swear they don‚Äôt be sick and that it be ‚Äúallergies‚Äù 

hold time they be sneezing, wheezing and coughing like they about to die. 

üö∂üèæ‚Äç‚ôÇÔ∏è","Washington, DC","United States",-77.0143985,38.89860285
"7050","tmj_RAM_physici","We're #hiring! Click to apply: Emergency Medicine - Medical Director - ED - https://t.co/FEVk91HZdN #EmergencyMedicine #Westwood, NJ #Job #Jobs #CareerArc","Westwood, NJ","United States",-74.029738,40.9866805
"7053","Lydia_lermaa","My patient just told me his blood pressure is high because a pretty girl is taking it, they give me life! So sick with cancer but with an amazing sense of humor! üíú","Texas, USA","United States",-100.0768885,31.1688935
"7091","YuuKissdDimples","I hate having allergies I feel like I'm sick when I'm not","Riverside, CA","United States",-117.397616,33.935822
"7187","wayabravo","Coming in to work a 12 hour shift with two hours of sleep is basically a suicide mission and yet here I am. I should have called in sick üò´ https://t.co/TFU8wrxelO","Seattle, WA","United States",-122.3306024,47.6148172
"7211","GarserTheClown","Y'all are sick https://t.co/1dS9uVuqqB","Chicago, IL","United States",-87.732013,41.83358445
"7230","tmj_bal_pharm","See our latest #Baltimore, MD #job and click to apply: Meds for Home Coordinator - https://t.co/AyJK6BmrNP #Pharmaceutical #Hiring #CareerArc","Baltimore, MD","United States",-76.62048175,39.284713
"7254","AneesaLynn","i still feel sick af but i can‚Äôt miss class","Weatherford, OK","United States",-98.675733,35.538063
"7260","hutchyclutch","@Travieso__97 would be sick tbh","Moraga, CA","United States",-122.123722,37.843302
"7276","PhilipLarmon","Back on the grind after a tough couple of weeks. Got Sick, Uncle Passed, and Jet-lag. However,‚Ä¶ https://t.co/LTT3UfLFdA","Ohio, USA","United States",-82.66946745,40.3651595
"7300","tmj_in_erdoc","We're #hiring! Click to apply: Emergency Medicine - Physician - ED - https://t.co/8uBhdawTQp #EmergencyMedicine #Sullivan, IN #Job #Jobs #CareerArc","Sullivan, IN","United States",-87.4040135,39.1033535
"7314","NJ_physician","Can you recommend anyone for this #job? Emergency Medicine - Dir of Education/Clinical Coor - EM - https://t.co/OFuo38fe58 #EmergencyMedicine #TomsRiver, NJ #Hiring #CareerArc","Toms River, NJ","United States",-74.1880345,40.00134
"7345","MuvaPooh_","&amp; i'm sick as shit . but my hair is tf laid okay üíÖüèΩüòπ","Rahway, NJ","United States",-74.280358,40.6098335
"7359","tmj_tpa_pharm","We're #hiring! Read about our latest #job opening here: Clinical Pharmacist - https://t.co/4o50lEguV8 #Pharmaceutical #StPetersburg, FL #CareerArc","St Petersburg, FL","United States",-82.672903,27.79571925
"7389","umdeja","https://t.co/VJ1Sfhx09F","McKinney, TX","United States",-96.699604,33.1946515
"7401","judithhannan","@awp I'll be signing copies of Motherhood Exaggerated at noon today at the @CavanKerryPress table T613. #narrative medicine #awp","Tampa, FL","United States",-82.44269375,27.9965945
"7424","tmj_atl_erdoc","We're #hiring! Click to apply: Emergency Medicine - Physician - ED - https://t.co/kmVTrYOFF7 #EmergencyMedicine #Snellville, GA #Job #Jobs #CareerArc","Snellville, GA","United States",-83.996909,33.8545135
"7426","tmj_va_erdoc","Want to work at Locum Leaders? We're #hiring in VA! Click for details: https://t.co/lLkVnTmTFC #EmergencyMedicine #Job #Jobs #CareerArc","Virginia, USA","United States",-79.420865,38.0033755
"7440","JCraezyTwo4","@StephGutierrrez thanks stephüòä i was passed out early from being sick but pretty much the same thing haha","Cedar Falls, IA","United States",-92.453089,42.51615585
"7446","TrustMe_69","Sick of paying $140 phone bill a month","North Carolina, USA","United States",-79.86103375,35.1704985
"7451","tmj_bal_eng","Join the Department of Veterans Affairs team! See our latest #job opening here: https://t.co/kRNgnG6sx8 #Engineering #PerryPoint, MD #Veterans #Hiring #CareerArc","Perryville, MD","United States",-76.0616745,39.581782
"7454","issanicoleodeon","I‚Äôm so done with being sick üò©","Seguin, TX","United States",-97.973779,29.57438715
"7464","ScurryMury","I hate feeling sick","Scottsdale, AZ","United States",-111.8583985,33.63933985
"7495","Sjanderson86","It never occurred to this Puritan that the reason adults like video games is that we grew up playing them and now games are designed for adults. So sick of this guys holier than thou shtick https://t.co/QwS70vHMmY","Burlington, WI","United States",-88.2661705,42.679802
"7509","DPTdelaPaz","@Dr_Ridge_DPT @ptbise @kvenere @sunsopeningband 90% of NIH funding goes towards treatment of disease, 10% towards disease prevention. Ass backwards.","Cedar Hills, OR","United States",-122.8047255,45.50471
"7515","lilHennyBaby","I‚Äôm feeling sick. 
any nurses wanna be my gf?","Chicago, IL","United States",-87.732013,41.83358445
"7528","MaiahOcando","¬°El cap√≠tulo 1 de ‚ÄòNo S√© Qu√© Hacemos Aqu√≠‚Äô ya est√° disponible! Go!!! ‚Äî-&gt; https://t.co/OZGDGJYWQQ","Santa Monica, CA","United States",-118.48041975,34.02268805
"7539","backyardjulz","Dudes really wake up and proceed to eat Krispey Kreme.. y‚Äôall are sick ü§Æ","Premium Cuts","United States",-97.916946,29.89889
"7548","tmj_ga_hsptlst","Want to work at Envision? We're #hiring in #Waycross, GA! Click for details: https://t.co/DmJLVQmirp #Hospitalist #Job #Jobs #CareerArc","Waycross, GA","United States",-82.3511705,31.2019235
"7557","FarzinZadeh","@yashar This is sick that politicians do this &amp; they say we didn‚Äôt know, there‚Äôs so much more. But this got out, not to mention millions of gifts, guess this the system, like they let DR Nasser walk in to A hotel in Arizona. Those poor girls live with it all there lives shamed on us","Santa Monica, CA","United States",-118.48041975,34.02268805
"7564","umairzia55","#Miami #Miamiheat game with DWade on the line. Sick #Vice uniforms https://t.co/dpf2C7IRQk","Miami Heat Store American airlines Arena","United States",-80.1892310443932,25.7850545981026
"7566","RickkidtchThoer","@thebradfordfile Don't forget the filthy, disease laden tent cities!!","Bardstown, KY","United States",-85.45513125,37.84148555
"7597","chicagostem","PRP treatment can prove a Silver Bullet in healing injuries:
The autologous PRP therapy is gaining popularity in sports medicine for its cutting edge properties of,
#PlateletRichPlasma #PlateletRichPlasmaTherapy #prptherapy #PRPTreatment
Fill the Form: https://t.co/T7f5u49Meg https://t.co/IS6HIgzsyJ","Chicago, IL","United States",-87.732013,41.83358445
"7603","tmj_me_erdoc","This #job might be a great fit for you: Emergency Medicine - Locum Tenens - https://t.co/TuSBiAsgrL #EmergencyMedicine #Augusta, ME #Hiring #CareerArc","Augusta, ME","United States",-69.7840645,44.32708
"7607","n0_daze_off","@Mr5W1l5on She was so sick üòÇüòÇüòÇ","Norfolk, VA","United States",-76.255686,36.895082
"7612","realgranolas","#realgranola #repost via abbyjdavid
.
‚òÄÔ∏èAs someone who has an autoimmune disease, I am fully‚Ä¶ https://t.co/StGORwkDbA","Anaheim, CA","United States",-117.851089,33.842863
"7687","MaiahOcando","‚ÄòWe Don‚Äôt Belong Here‚Äô Chapter 1 is now available. Go!!! ‚Äî&gt; https://t.co/EXpssnCUd6","Santa Monica, CA","United States",-118.48041975,34.02268805
"7719","algaspam","sick of this traffic","Plainview, NY","United States",-73.47405,40.7835165
"7758","slurpeeetymeee","@Logic301 album is so so sick!!!","San Antonio, TX","United States",-98.5406515,29.417501
"7762","genkhalifa_","@TheArtivist Either way you put it, I would never celebrate attacks on innocent kids/people. Kinda sick.","Palisades Park, NJ","United States",-73.9956372,40.8538885
"7795","iMacHead","Sick of these Evangelicals getting press. #FuckTheirValues. I loath the very existence of people so brainwashed that they  give ‚ÄúMulligan‚Äù to a serial cheater &amp; still bitch about Obama. https://t.co/dISfQV1EcC","Slidell, LA","United States",-89.765519,30.2978625
"7811","Kcpro_88","Okposo is damaged goods...he's focused on his family life and that's great but he robbed the Sabres blind w his deal, either hurt, sick or not scoring .. great dude and father but most overpaid player in the league ..","Hamburg, NY","United States",-78.8500525,42.74303465
"7840","tequilamegg","Don‚Äôt you just LOVE LOVE LOVE that feeling in the morning when you‚Äôre starting to get sick and it feels like your swallowing knives? Or maybe bowser himself?? It‚Äôs so GR8 https://t.co/B1vMfhhJw1","Athens, OH","United States",-82.0964045,39.320384
"7861","rlcalc","@realDonaldTrump So sick of your shit show.  You should have stuck with boinking porn stars","Philadelphia, PA","United States",-75.117998,40.0048655
"7868","DE_physician","Can you recommend anyone for this #job? Emergency Medicine Physician - https://t.co/fcdJJi5tma #EmergencyMedicine #Healthcare DE #Hiring #CareerArc","Delaware, USA","United States",-75.3864607,39.1450234
"7896","f4talshipwreck","sick. literally cant breathe. hurts to talk. wonderful.","Temple City, CA","United States",-118.0549087,34.1031895
"7905","wolfryanjenkins","The Miami Heat Vice jerseys are sick üòõ","Charleston, IL","United States",-88.17656075,39.49100955
"7929","Thomas_Marr","@wellcrap2 @moomoosnanner @Alyssa_Milano Yet you are ok with what the Clintons have done. Y‚Äôall are sick.","Texas, USA","United States",-100.0768885,31.1688935
"7939","MD_physician","We're #hiring! Click to apply: Physician - Family Medicine - https://t.co/IlBnY0CdoH #Physician #Salisbury, MD #Job #Jobs #CareerArc","Salisbury, MD","United States",-75.600576,38.3604215
"8006","Km_angelxo","I feel so sick wtf","Montgomery Village, MD","United States",-77.171761,39.194049
"8016","beckyyaworski","Taking a sick day today. And by sick day I mean Elbow Day. Can't work with a swollen elbow.","Chicago, IL","United States",-87.732013,41.83358445
"8026","anna__holcombe","I have to be at work in about 2 hours, but until then, I‚Äôm just laying in bed curled up in a ball because my cramps are so bad. Even after taking medicine, I didnt fall asleep till almost 2 this morning üòûüò≠","Shelbyville, TN","United States",-86.435582,35.482744
"8048","JosephEULO","Fat (340lbs), Sick (coughing up yucky stuff), and nearly dead. Take care of your body before‚Ä¶ https://t.co/NUlXziDqGN","Elizabeth, NJ","United States",-74.1965245,40.662479
"8089","CallMe_QSykes","I‚Äôm sick of this struggling shit","Flint, MI","United States",-83.7256099,42.9944585
"8090","CoryTheGod","bro my body naturally wakes me up around this time everyday and i'm sick of it","California, USA","United States",-119.3066075,37.2691755
"8116","BarterHOV","@2017_Kmichelle Lmao I‚Äôm only allergic to dust and I‚Äôve only been sick during allergy season","Kingman, KS","United States",-98.11326115,37.649444
"8133","ynitseD_","Can‚Äôt believe I got sick üò©","Ellenton, FL","United States",-82.501283,27.54304365
"8134","MO_physician","If you're looking for work in #Columbia, MO, check out this #job: https://t.co/ZNkUEh2P2G #Physician #Veterans #Hiring #CareerArc","Missouri, USA","United States",-92.4367735,38.3045585
"8137","PSJHCareers","Interested in a #job in #Torrance, CA? This could be a great fit: https://t.co/ljTILxYYHb #PSJHJobs #Physician #Hiring","Torrance, CA","United States",-118.3512176,33.83371455
"8157","masscrocheter","@AnnCoulter You make me laugh!! So sick!","Salisbury, MA","United States",-70.8630148,42.85127205
"8177","Elizalda24","I'm getting tired of being sick üò°","Eastland, TX","United States",-98.8207935,32.3975615
"8234","masscrocheter","@FoxNews To late for apologizing. Your so biased you make me sick! Can‚Äôt watch the show because of you and Whoopi. Two dumb broads!","Salisbury, MA","United States",-70.8630148,42.85127205
"8247","_LuvNaeee","Niggas make me sick to my stomach #OnGODüòí","Goddard, MD","United States",-76.8503815,38.99878445
"8273","joeoptions","How #Stress Makes You Sick https://t.co/ReDINQjg1z","Ridgeland, MS","United States",-90.12433855,32.4293927
"8276","princess_nic6","I would be sick right before spring break :-) just gonna keep chugging musinex","Lubbock, TX","United States",-101.897173,33.5705263
"8282","serenelovesyou_","being sick is honestly the worst feeling  ever","Riverside, CA","United States",-117.397616,33.935822
"8323","tia_fournier","I‚Äôm so sick right now and I‚Äôm pissed","Michigan, USA","United States",-86.27053925,45.00118
"8379","AshlynRiley43","i need the weather to decide what it‚Äôs gonna so bc im tired of being sick.","Mississippi, USA","United States",-89.876449,32.571032
"8417","andsordie104","On god I better not be getting sick üò§","Phoenix, AZ","United States",-112.1246767,33.5528626
"8419","gramsee","@surfermom77 This makes me sick!! They are a thing of the past and need to stay that way!!","Florida, USA","United States",-83.804475,27.698682
"8450","maverickvid","I'm at Institute for Athletic Medicine in Maple Grove, MN https://t.co/vM1QFD0QFA","Maple Grove, MN","United States",-93.4648835,45.1085325
"8458","gramwow09","Urgent Care.... Ugh I hate being sick! #atleastihavecoffee‚Ä¶ https://t.co/urjJ14X3fG","Irmo, SC","United States",-81.19485,34.1090235
"8471","TheKWReport","üõí eShop #KWreportxMaisondeDieu üåê

üñ≤ https://t.co/zPqHotZycr

#maisondedieu #houseofgod #worship #reverence #fashion #beauty #music #art #paris #health #wellness #healing #faith #medicine #science #savior #lord #protector #hope #trust #inspire #reportüóûüì∞#KWreport üåê https://t.co/5wzsh9DvYI","New York, NY","United States",-73.977717,40.7055975
"8501","millymichelle","I shall enjoy this for 48 hours, because that is when my anxious brain will dream up another disease/cancer that ONLY I have üôÉ https://t.co/9WbiDnFBvS","Washington, DC","United States",-77.0143985,38.89860285
"8521","AndreaWiggins","@PenguinGalaxy Yeah, my body just doesn't make much dopamine, something in that metabolic pathway just isn't right. Nothing to do but take some meds that force my system to boost supply. The wrong meds make me sick because the rest of the chemical balance is actually just fine as is. ü§∑üèª‚Äç‚ôÄÔ∏è","Omaha, NE","United States",-96.053431,41.275721
"8555","lamegame96","https://t.co/64CgphTSLP

The Fast and Furious Tokyo Drift soundtrack is SICK.","Harrison, NY","United States",-73.7192005,41.0192955
"8558","Tlamont_","Rey go see black panther its sick im this late","Waldorf, MD","United States",-76.913544,38.6346285
"8560","kdworley94","When you‚Äôre sick and someone suggests taking a sick day https://t.co/WnZeiWeuAt","Augusta, GA","United States",-82.0631849,33.4407175
"8565","s9ecia7k","I'm so sick of this struggling shit. My rent is already late, and my check today still puts me short. I really just don't get it. This is why I have depression in my life. Is I work my ass off for shit. I dont know what were going to do now.","New Port Richey, FL","United States",-82.717093,28.24852995
"8576","Chicagos_D","Missy Elliott‚Äôs ‚Äúis ya ill or is ya sick?‚Äù is the original to Birdman‚Äôs ‚Äúy‚Äôall finish or y‚Äôall done?

 https://t.co/JYjiH1n9Uf","Chicago, IL","United States",-87.732013,41.83358445
"8586","sarahlindsay_17","Sick af + cant breath + drunk af= snoring like a grown ass man","Kingsville, TX","United States",-97.8618826,27.5005923
"8590","mlvanbrit","@DrDavidCosio Although I agree that CPP shoulincorporate other things like they are being yoga etc. but for the people that have used opiates for decades without any side effects without increasing 1 mg as it is for most of us and those with fibromyalgia new medicine MD and so many other traum","Livonia, MI","United States",-83.3733495,42.39731535
"8591","baby_papaa","I‚Äôm absolutely sick to my stomach üò∑ breaks my heart https://t.co/iJgQzmYomj","Alafaya, FL","United States",-81.1850665,28.529141
"8631","OhReviewsDeals","#NaturalRemedies Are You Having Kidney Disease? Don't Ignore These Signs, You May Have Kidney Failure Soon https://t.co/gQznvgp4IN #HealthyLiving https://t.co/eN8qBLHvuz","Orlovista, FL","United States",-81.461465,28.542375
"8674","Dee_Rebecca","Still sick, feeling terrible and having to talk to people all day ü§ßü§ß","Arizona, USA","United States",-111.93171085,34.16825365
"8683","_1Doc_","@MexicoRan And the wait is finally over let's give em sutn to be sick bout fuxks brakkn fool","Delaware, USA","United States",-75.3864607,39.1450234
"8700","visionavant","Dope!! #Repost buffiepurselle
„Éª„Éª„Éª
Hola my beautiful #femalepreneur chicas!! Are you sick and‚Ä¶ https://t.co/0Ru5BmWoCe","Houston, TX","United States",-95.4464865,29.8384948
"8742","tabbi_ann","I love when people say that vegans look unhealthy, scrawny, etc. Bitch, this is the healthiest and best that my body has looked for a long time.","Indianapolis, IN","United States",-86.1429225,39.7795625
"8788","chucknrene3","@NJ_Crypto_King @realDonaldTrump she is retired now after she struck gold &amp; and the sick o's can't handle it :-)","Bowling Green, KY","United States",-86.4355085,36.965671
"8800","THERileyBrewer","They gonna be at medicine stone this year? RT @Reeceoohlala: Rollin' On Em Hard https://t.co/EvsUFhSetj","Breckenridge, CO","United States",-106.0360575,39.505657
"8801","_DonnaMoeller_","FALSE SHEPHERDS ‚ÄúYou have not strengthened the weak or healed the sick or bound up the injured. You have not brought back the strays or searched for the lost. You have ruled them harshly and brutally. So they were scattered because there was no shepherd...‚Äù
Ezekiel 34:4-6 NIV","Rolling Meadows, IL","United States",-88.028373,42.0562223
"8831","oneofakindshirt","#firstlove #cannabis #morning #high #medicine for yo #soul 
@oneofakindshirt @ Planet Fitness‚Ä¶ https://t.co/3UZVLPxfo5","Philadelphia, PA","United States",-75.117998,40.0048655
"8878","Jackieee_Babyyy","How‚Äôd I get so sick over night ?","Rancho Mirage, CA","United States",-116.4208463,33.7792345
"8882","dianaprincing","My mom is sick of me but my reaction gif game is on fire üëåüèΩüëåüèΩ https://t.co/KCeLgnQ6k5","North Carolina, USA","United States",-79.86103375,35.1704985
"8896","Adriaan__98","Im getting sick üòû","Palmdale, CA","United States",-118.125196,34.583629
"8909","_LetMeRock","I hate being sick","Virginia Beach, VA","United States",-76.06994605,36.8025415
"8991","renee_meghan13","I woke up feeling so sick. Great","Texas, USA","United States",-100.0768885,31.1688935
"8996","Da_Real_AG_","My professor cancelled class today because she‚Äôs ‚Äúsick‚Äù yeah I‚Äôm ‚Äúsick too‚Äù sick of school and ready for spring break.","Bryan, TX","United States",-96.347781,30.66585855
"8998","geezsum","@mondoloco410 Big deal!u met A Hypercritacal Hollywood idiot!runs his big mouth after he is the very one who portrays violence with gunsüò≥so sick of these fake loud mouth  ü§°'s!!!!!","Maine, USA","United States",-68.984705,45.188407
"9024","NastyJenni","@NRATV No thanks. We‚Äôd prefer never to be looking into the barrel of the assault weapons you all shill for again. The country needs protection from gun freaks. We‚Äôre sick of the whole lot of you and your fanatical fetishism with guns and violence","Reston, VA","United States",-77.349057,38.9558015
"9027","DivitoRealEstat","Sick of your Real Estate Broker taking all of your commission, contact @DivitoRealEstat for 100%‚Ä¶ https://t.co/wNc9a6AfkO","Haines City, FL","United States",-81.6255485,28.1080203
"9050","ProfDMacri","https://t.co/aB0OWOuira","Manhattan, NY","United States",-73.9685415,40.780709
"9103","heather_x32","This is awfulllllll! I hate my loves being sick!","Brookhaven, WV","United States",-79.90068385,39.6062475
"9117","yman173","So fixing my kid...whatever that entails...is my job. I know she won‚Äôt come home until next week at the earliest, so I have peace now. What‚Äôs to come from my mentally sick child is anybody‚Äôs guess, tho. üßê","Cortland, IL","United States",-88.6965735,41.9307795
"9154","MilesByass17","Sick ass hell for the weekend... smh","Dallas, TX","United States",-96.7617535,32.8198585
"9167","LupineAssassin","@its_Shenanigan This is why I never drink from a can. I refuse to get sick for someone else's fun and profit. Fuck that shit!","Brooklyn, NY","United States",-73.9487755,40.655138
"9169","brokeboyleon","@IHateBullet Lmao shawty sick","Croton-on-Hudson, NY","United States",-73.8972405,41.251326
"9222","vsvprivh","why is sleeping when you‚Äôre sick the most impossible thing","Red Hill, SC","United States",-78.976213,33.7661365
"9228","c_aguilarlaw","Sick!! https://t.co/71knW0QkS6","Hacienda Heights, CA","United States",-117.982366,34.0023805
"9239","sammi_lynzi","This officer makes me sick to my stomach https://t.co/nKtDhRrBI8","Texas, USA","United States",-100.0768885,31.1688935
"9273","JasHuyck","I've never been so sick ü§Æ","Kalamazoo, MI","United States",-85.5656885,42.290524
"9291","Natasha_love31","I do not play with this lawyer he prolly get sick of me they open up at 830 I call at 835 and I‚Äôll keep calling till his ass gets back in the office lol. Like nah my guy we ain‚Äôt paying you for nothing gotta stay on that ass!!!","Johnson City, NY","United States",-75.96946395,42.1244385
"9300","exfkaty","@KenRoth @Snowden @wikileaks There's also you know, the whole rape thing. I get that y'all don't care about it, think it's a ruse, etc. The women haven't rescinded claims he removed condoms and violated terms of consent. Sick of this all getting whitewashed. He's a terrible person.","Philadelphia, PA","United States",-75.117998,40.0048655
"9309","cbeth98","if i could stop feeling sick that would be great","Virginia, USA","United States",-79.420865,38.0033755
"9313","itslivihahner","sick of having to the be the bigger person and never getting to be happy","Erie, PA","United States",-80.087032,42.110703
"9319","robynbby23","‚ÄúHeres what you can do before taking that allergy medicine‚Äù JUST TAKE THE MEDS ITS THE ONLY THING THAT REALLY MAKES A DIFFERENCE üôÉüôÉ","Viera East, FL","United States",-80.7176007,28.25917675
"9357","DortonKaren","@ScottPresler STILL NOT SICK OF WINNING!!!","Woodstock, GA","United States",-84.5030665,34.11077575
"9373","RNgriel","@DearAuntCrabby Trump is an alcoholic,he has the gene,It is a progressive mental illness.If not treated it leads to insanity.Symptoms are: egomania, arrogance, hubris, isolation, &amp; inability to face reality. All his actions are made by his disease.He will do ANYTHING to win,
Bait &amp;Switch a nuke","Massachusetts, USA","United States",-71.683502,42.03693905
"9383","KevinDerekk","Y‚Äôall also got the highest rates of heart disease https://t.co/zQce14Lv0o","Seaford, NY","United States",-73.4941305,40.66847555
"9399","tia040478","Happy Friday!! (@ Advanced Orthopedics And Sports Medicine in Denver, CO) https://t.co/1aFgs5JFhp","Denver, CO","United States",-104.9220935,39.713563
"9409","paulteetSAYS","I‚Äôm fucking sick and tired of working with damn alcoholics. Like y‚Äôall think it‚Äôs cute because it‚Äôs wine and not shots at a bar? 

Where has people‚Äôs work ethic gone? Like forreal!!","Missouri, USA","United States",-92.4367735,38.3045585
"9452","_ayoobeans","i hope I‚Äôm not getting sick üòí","Charlotte, NC","United States",-80.8467855,35.209059
"9460","tmj_ok_erdoc","Want to work at Envision? We're #hiring in #PaulsValley, OK! Click for details: https://t.co/v72lkAYqQR #EmergencyMedicine #Job #Jobs #CareerArc","Pauls Valley, OK","United States",-97.234935,34.729849
"9480","Waylanmichalski","Am I the only that enjoys puking when I‚Äôm sick? I feel so much better. I always cry when I puke though due to how hard my body forces it.","Michigan, USA","United States",-86.27053925,45.00118
"9482","Lynn_Henning","The old crusty, self-inflating, thoroughly false intimation that if you‚Äôre sick or unemployed it‚Äôs absolutely because you‚Äôre lazy. https://t.co/l8bSd8JRn5","Lakeland, FL","United States",-81.972705,28.049601
"9502","ZenaBuddysgirl","@TheRichieWilson @realDonaldTrump I am actually thinking that dump will go through the process &amp; make everyone think that it will happen. like every thing he does,then it won't happen. dump isn't a man of action, whenever he does something like this it makes me sick. he is a liar and a fraud.. #LyingFatIdiot üò†üòß","Philadelphia, PA","United States",-75.117998,40.0048655
"9504","hiishauna","Yesterday i saw a photo of myself from high school and i legit started balling my eyes out. I was so unhealthy, unhappy, &amp; i just looked sick :(","Dearborn, MI","United States",-83.2135571,42.31473205
"9613","Margerine2000","@Chuckles152 the old man inside a cave, so then I can buy medicine","Pennsylvania, USA","United States",-77.604684,41.1179365
"9618","IsaiahVerified","Sick of these niggas they lie quick","Brooklyn, NY","United States",-73.9487755,40.655138
"9636","agalrak","@brittanyyyyyf IM SAYINNNN i‚Äôm sick n tired of these ugglass tolls","Falls Church, VA","United States",-77.1719965,38.88428135
"9668","Etre_Vu","Pretty real confession, u don't have to have ever been a stick or sick looking to have had‚Ä¶ https://t.co/dTE26C1g2V","Los Angeles, CA","United States",-118.4119065,34.0207895
"9702","KidneyFoundWNY","@wellsvilledaily Among other health problems, smoking is a risk factor for kidney disease. March is #KidneyMonth","Buffalo, NY","United States",-78.853563,42.8962295
"9727","DntBeGoodBeDave","@MikeThe6ixth I know jr was sick with you last week watching that game. Baby D was lit üò≠","Landover, MD","United States",-76.88493445,38.9262355
"9729","dwramzimdmph","@charles_gaba @MikeBertaut @khemp64 That is bizarre. 
In the 1920‚Äôs, the discussion was about how to RAISE prices so medicine could attract the brightest minds.
You get what you pay for. Right now, you pay ridiculous prices for a PA or NP to deliver incompetence in a health system.
#PPP","Washougal, WA","United States",-122.3406382,45.5824898
"9745","kroger1205","Does it make sense when trying to get a song out of your head to listen to it on repeat? Like, make yourself sick of it..?","Southfield, MI","United States",-83.26027415,42.4798095
"9761","HannahJoseph04","I‚Äôve been trying to fight the fact I‚Äôve been sick all week &amp; I just want to lay in bed all day todayüò≠","Holland, OH","United States",-83.7351115,41.624183
"9764","emilyweb11","i feel sick","Lancaster, OH","United States",-82.596627,39.736975
"9827","123oneway","@TomFitton @JudicialWatch Very sick corrupted OBAMA admin","Wisconsin, USA","United States",-89.5694915,44.900818
"9833","andymartinaz","People can be fucking sick... #NeverAgain https://t.co/kqLoKMbT3d","Gilbert, AZ","United States",-111.7385665,33.29521475
"9852","CurtisLT_SF","Catch 22: sick so I need to drink more water. My throat is sore as a motha so I don‚Äôt wanand drink water... my body is a magical thing.","San Francisco, CA","United States",-122.4359785,37.7706565
"9885","HoltWVU75","Are you going to AGGRESSIVELY ban alcohol too? How about sugar, since heart disease as is one of the leading causes of death in WV? How about Cigarettes/nicotine? read the last 2 paragraphs. https://t.co/QiQOq61upQ https://t.co/N5DanDQTb3","West Virginia, USA","United States",-80.18183465,38.9201425
"9897","ASPET","Now Hiring: Postdoctoral research associate | WASHINGTON UNIVERSITY SCHOOL OF MEDICINE: US - MO - St. Loui | https://t.co/hmZJ85LzY7 #jobs","St Louis, MO","United States",-90.2478239,38.6537712
"9939","NicoThePro","@new_dash_snow You sick in the head","Chicago, IL","United States",-87.732013,41.83358445
